movie_id,title,genres,overview,emotion_label
969681,Spider-Man: Brand New Day,"[878, 28, 12]",Fighting crime full-time as Spider-Man in a world that doesn't remember him—and the pressure of seeing his old friends move on without him—sparks a change in Peter Parker he may not have the power to control. But that transformation might also be the only thing that can stop a shocking new threat to the city and those he loves - a powerful villain no one can even see.,Surprise
1368337,The Odyssey,"[12, 28, 14]","Odysseus, the legendary King of Ithaca, embarks on a long and perilous journey home following the Trojan War. Throughout his voyage, he is forced to confront the whims of gods, mythological monsters, and trials that stretch both his cunning and his humanity to the breaking point.",Fear
634649,Spider-Man: No Way Home,"[28, 12, 878]","Peter Parker is unmasked and no longer able to separate his normal life from the high-stakes of being a super-hero. When he asks for help from Doctor Strange the stakes become even more dangerous, forcing him to discover what it truly means to be Spider-Man.",Fear
1284041,The Last House,"[27, 878, 53]",A family suddenly sealed inside their home must work together to survive against dwindling resources and the ominous threat keeping them trapped.,Fear
1315772,Minions & Monsters,"[12, 16, 35, 10751, 14]","This is the rambunctious, ridiculous and totally true story of how the Minions conquered Hollywood, became movie stars, lost everything, unleashed monsters onto the world and then banded together to try and save the planet from the mayhem they had just created.",Anger
1375646,Colony,"[28, 27, 878]","Professor Se-jeong is thrust into a bloody nightmare when a rapidly mutating virus is released during a biotech conference causing authorities to seal the facility. Trapped inside with no escape, Se-jeong along with a small group of survivors must fight to stay alive while the infected undergo horrific transformations.",Fear
1339713,Obsession,"[27, 53]","After breaking the mysterious ""One Wish Willow"" to win his crush's heart, a hopeless romantic finds himself getting exactly what he asked for but soon discovers that some desires come at a dark, sinister price.",Fear
1084244,Toy Story 5,"[16, 10751, 35, 12]","When Bonnie receives a Lilypad tablet as a gift and becomes obsessed, Buzz, Woody, Jessie and the rest of the gang's jobs become exponentially harder when they have to go head to head with the all-new threat to playtime.",Joy
1284465,The Death of Robin Hood,"[12, 18, 28]","Grappling with his past after a life of crime and murder, Robin Hood finds himself gravely injured after a battle he thought would be his last. In the hands of a mysterious woman, he is offered a chance at salvation.",Sadness
1323244,Rage of Stars,"[28, 878, 53]","A story about a woman from the International Special Forces Unit, who has a premonition about the impending end of humanity.",Sadness
1212763,Evil Dead Burn,[27],"After her husband's abrupt death, Alice seeks solace with his remaining family — descendants of a leading researcher on demonic possession. As her in-laws transform one by one into creatures that feed on fear, she comes to discover that the vows she took in life survive even in death.",Fear
1101383,The End of Oak Street,"[878, 9648, 53]","After a mysterious cosmic event rips Oak Street from suburbia and transports their neighborhood to someplace unknown, the Platt family soon discovers that their very survival depends on them sticking together as they navigate their now unrecognizable surroundings.",Sadness
1275779,Disclosure Day,"[878, 53]","A cybersecurity expert becomes a whistleblower after uncovering secrets about aliens, putting him on the run from a corporation. Meanwhile, a meteorologist experiencing strange phenomena joins forces with him to prove there's life beyond our understanding.",Anger
1108427,Moana,"[10751, 14, 35, 12]","Teenage Moana answers the Ocean's call and, for the first time, voyages beyond the reef of her island of Motunui with infamous demigod Maui on an unforgettable journey to restore prosperity to her people.",Joy
315635,Spider-Man: Homecoming,"[28, 12, 878]","Following the events of Captain America: Civil War, Peter Parker, with the help of his mentor Tony Stark, tries to balance his life as an ordinary high school student in Queens, New York City, with fighting crime as his superhero alter ego Spider-Man as a new threat, the Vulture, emerges.",Anger
1081003,Supergirl,"[28, 12, 878]","When an unexpected and ruthless adversary strikes too close to home, Kara Zor-El, aka Supergirl, reluctantly joins forces with an unlikely companion on an epic, interstellar journey of vengeance and justice.",Fear
1083381,Backrooms,"[27, 9648, 878]",A strange doorway appears in the basement of a furniture showroom.,Surprise
1273221,Scary Movie,[35],"Twenty-six years after outrunning a suspiciously familiar masked killer, the Core Four are back in the killer's crosshairs and no horror movie IP is safe.",Fear
1481343,The Devil's Mouth,"[27, 53]","A group of college friends' Thailand adventure turns deadly when they become trapped in submerged caves with a dangerous predator. As oxygen runs low, past conflicts emerge in their desperate fight for survival.",Fear
950028,The Invite,"[35, 18, 10749]","Joe and Angela's marriage is on thin ice. When they invite their enigmatic upstairs neighbors for a dinner party, the night spirals into unexpected places. Have they reignited the spark or lit the match that burns it all down?",Surprise
980431,Avatar Aang: The Last Airbender,"[16, 28, 12, 14]","Avatar Aang, the world's last Airbender, learns of an ancient power that could save his culture from extinction. With the help of his friends, he embarks on a global quest to find it before it falls into the wrong hands and threatens to upend the peace they sacrificed everything to achieve.",Fear
687163,Project Hail Mary,"[878, 12]","Science teacher Ryland Grace wakes up on a spaceship light years from home with no recollection of who he is or how he got there. As his memory returns, he begins to uncover his mission: solve the riddle of the mysterious substance causing the sun to die out. He must call on his scientific knowledge and unorthodox ideas to save everything on Earth from extinction.",Fear
557,Spider-Man,"[28, 878]","After being bitten by a genetically altered spider at Oscorp, nerdy but endearing high school student Peter Parker is endowed with amazing powers to become the superhero known as Spider-Man.",Love
1594914,Lucky Strike,"[28, 10752]","A wounded American soldier fights to survive behind enemy lines during WWII's Battle of the Bulge against the Germans, relying on his instinct, spy craft and a hand-radio to evade capture and find his way back to his unit.",Sadness
82023,Hotel Desire,"[18, 10749]","Antonia is a single mother who works as a hotel maid in Berlin. A normal hot summer day takes a dramatic turn when she crosses paths with a particular guest of the hotel, famous blind portrait painter Julius Pass.",Love
1307118,Soulm8te,"[27, 878, 53]","After a ruthless tech giant acquires a small robotics company, a grieving engineer is tasked with testing their new AI companion. But when he attempts to reprogram her to be a truly sentient soulmate, she develops needs of her own—unleashing a relentless spree of precision-engineered mayhem.",Anger
454639,Masters of the Universe,"[28, 14, 878]","After being separated for 15 years, the Sword of Power leads Prince Adam back to Eternia, where he discovers his home shattered under the fiendish rule of Skeletor. To save his family and his world, Adam must join forces with his closest allies, Teela and Duncan/Man-At-Arms, and embrace his true destiny as He-Man — the most powerful man in the universe.",Joy
1311031,Demon Slayer: Kimetsu no Yaiba Infinity Castle,"[16, 28, 14]","The Demon Slayer Corps are drawn into the Infinity Castle, where Tanjiro, Nezuko, and the Hashira face terrifying Upper Rank demons in a desperate fight as the final battle against Muzan Kibutsuji begins.",Fear
1564614,Leviticus,"[27, 10749]",Two teenage boys must escape a violent entity that takes the form of the person they desire most:  each other.,Sadness
1003596,Avengers: Doomsday,"[878, 28, 12]",Beloved heroes from three distinct universes are set on a deadly collision course and face an existential threat unlike anything they've ever encountered.,Fear
1612018,Jackass: Best and Last,"[28, 35, 99]",The fifth and final installment to Jackass franchise where the crew go on one last insane crusade.,Joy
1280738,The Furious,"[28, 80, 53]","After a criminal network kidnaps Wang Wei's daughter and the corrupt police refuse to assist him, Wei sets out on his own to locate her. Navin, a tenacious journalist whose wife has mysteriously vanished, is his only ally. In this explosive martial arts showdown, the unlikely duo fights the kidnappers ruthlessly driven by a furious vengeance.",Anger
1523145,Your Heart Will Be Broken,[10749],"High school student Polina is saved from bullying at her new school and makes a deal with the main bully Bars: he must pretend to be her boyfriend and protect her, and she must do everything he says. During this game, the couple develops real feelings, but her family and classmates have reasons to separate the lovers.",Anger
1698863,The Odyssey,"[12, 14, 28]","Based on the Ancient Greek epic. After ten years of war, King Odysseus sets sail for Ithaca, eager to reunite with his beloved. But his journey home is far more treacherous than the battlefield, as he must face deadly monsters and vengeful gods to survive.",Fear
1630409,The Debt Collector,"[28, 53, 80]","Tormented by past mistakes and a terminal diagnosis, an ex-debt collector returns to the underworld to protect the victims of a violent organization.",Sadness
1727780,Borderline,[53],"Convinced they are our secret saviors, rogue U.S. operatives abduct Mexican gang members and seed them across major American cities, unleashing criminal chaos, swaying voters by playing on nativist prejudices, and forcing law enforcement into a race to expose the plot as the escalating carnage threatens democracy itself.",Fear
429617,Spider-Man: Far From Home,"[28, 12, 878]","Peter Parker and his friends go on a summer trip to Europe. However, they will hardly be able to rest - Peter will have to agree to help Nick Fury uncover the mystery of creatures that cause natural disasters and destruction throughout the continent.",Fear
299536,Avengers: Infinity War,"[12, 28, 878]","As the Avengers and their allies have continued to protect the world from threats too large for any one hero to handle, a new danger has emerged from the cosmic shadows: Thanos. A despot of intergalactic infamy, his goal is to collect all six Infinity Stones, artifacts of unimaginable power, and use them to inflict his twisted will on all of reality. Everything the Avengers have fought for has led up to this moment - the fate of Earth and existence itself has never been more uncertain.",Fear
1314481,The Devil Wears Prada 2,"[35, 18]","Andy Sachs returns to Runway as Miranda Priestly navigates a new media landscape and Runway's position within. The duo reconnect with former assistant Emily Charlton, now the head of a luxury brand that possesses funding which could ensure Runway's survival.",Joy
1930,The Amazing Spider-Man,"[28, 12, 878]",A teenage Peter Parker grapples with both high school and amazing super-human crises as his alter-ego Spider-Man.,Surprise
1110034,Kraken,"[27, 28, 53]","A marine biologist is doing research on a fish farm when she encounters several strange occurrences. Along with the brutal deaths of two teenagers, all signs point to the deep fjord; can there be more to the depths than the eye can see?",Surprise
1084242,Zootopia 2,"[16, 12, 35, 9648, 10751]","After cracking the biggest case in Zootopia's history, rookie cops Judy Hopps and Nick Wilde find themselves on the twisting trail of a great mystery when Gary De'Snake arrives and turns the animal metropolis upside down. To crack the case, Judy and Nick must go undercover to unexpected new parts of town, where their growing partnership is tested like never before.",Surprise
83533,Avatar: Fire and Ash,"[878, 12, 14]","In the wake of the devastating war against the RDA and the loss of their eldest son, Jake Sully and Neytiri face a new threat on Pandora: the Ash People, a violent and power-hungry Na'vi tribe led by the ruthless Varang. Jake's family must fight for their survival and the future of Pandora in a conflict that pushes them to their emotional and physical limits.",Fear
1127384,Deep Water,"[27, 53]",A group of international passengers on a flight from Los Angeles to Shanghai is forced to make an emergency landing in shark-infested waters. The terrified group is forced to work together and overcome their differences if they hope to escape their sinking plane and the frenzy of sharks drawn to the wreckage.,Fear
5721,Vixen!,[18],"In a Canadian mountain resort, Vixen Palmer resides with her naive pilot husband Tom. While he's away flying in tourists, she sleeps with practically everybody including a husband and his wife, and even her biker brother. However, the only one she won't bed is her brother's friend... who is Black.",Love
1569947,The Priest: Thanksgiving Massacre,[27],"A family gather to spend Thanksgiving at an isolated cabin, unaware that the site has a horrific history of murder and cannibalism and that the Priest responsible did not rest in peace. Now they are on the menu for Thanksgiving dinner.",Fear
24428,The Avengers,"[878, 28, 12]","When an unexpected enemy emerges and threatens global safety and security, Nick Fury, director of the international peacekeeping agency known as S.H.I.E.L.D., finds himself in need of a team to pull the world back from the brink of disaster. Spanning the globe, a daring recruitment effort begins!",Fear
1493400,Camp Rock 3,"[10402, 35, 18, 10770]","When Connect 3 loses their opening act for a major reunion tour, they return to their beloved Camp Rock to discover the next big thing. As campers vie for the chance to open for their favorite band, tensions rise and friendships are tested - leading to unexpected alliances, revelations, and romances.",Joy
1698856,Master of the Universe,"[878, 28, 14]","A young man must use his untapped powers to fight back against an evil alien and their army, who will stop at nothing to take over Earth and then the universe.",Fear
278,The Shawshank Redemption,"[18, 80]","Imprisoned in the 1940s for the double murder of his wife and her lover, upstanding banker Andy Dufresne begins a new life at the Shawshank prison, where he puts his accounting skills to work for an amoral warden. During his long stretch in prison, Dufresne comes to be admired by the other inmates -- including an older prisoner named Red -- for his integrity and unquenchable sense of hope.",Joy
1668364,Desire,"[9648, 18]","Lucero’s life appears immaculate: a wealthy household, a devoted husband, and two children who embody the promise of a perfect family. Yet beneath this surface simmers a quiet dissatisfaction. When Matías, a young swimming coach hired by her husband, enters their lives, Lucero finds herself pulled into a risky and consuming relationship. As secrecy, desire, and jealousy tighten their grip, the boundaries within the family begin to collapse, placing mother and daughter in a dangerous emotional triangle that threatens to shatter everything Lucero has built.",Fear
1510795,"Shake, Rattle & Roll: Evil Origins",[27],"In 1775 during the Spanish colonial period in the Philippines, nuns attempts to survive the night after an unknown evil was set free in their cloister. Meanwhile in 2025, a group of friends attend a Halloween masquerade ball which was attacked by a serial killer. Fast forward to the future in 2050, a post-apocalytic Philippines is ruled by the aswang.",Fear
1439930,The Punisher: One Last Kill,"[28, 18, 80]","As Frank Castle searches for meaning beyond revenge, an unexpected force pulls him back into the fight.",Surprise
755898,War of the Worlds,"[878, 53]","Will Radford is a top analyst for Homeland Security who tracks potential threats through a mass surveillance program, until one day an attack by an unknown entity leads him to question whether the government is hiding something from him... and from the rest of the world.",Fear
1404304,The Isolate Thief,"[37, 28, 18]",A young woman struggles to conceal the gold she stole from a group of violent outlaws who have seized control of her remote outpost.,Sadness
559,Spider-Man 3,"[28, 12, 878]","The seemingly invincible Spider-Man goes up against an all-new crop of villains—including the shape-shifting Sandman. While Spider-Man’s superpowers are altered by an alien organism, his alter ego, Peter Parker, deals with nemesis Eddie Brock and also gets caught up in a love triangle.",Love
1408162,Vishwanath & Sons,"[18, 10749]","Sanjay Vishwanath is an acclaimed professional handgunner in his 40s with a major stake in fame and wealth. When he comes across a woman named Maddy in her 20s, their dynamic poses many issues that they must come to terms with.",Joy
936075,Michael,"[10402, 18]","The story of Michael Jackson, one of the most influential artists the world has ever known, and his life beyond the music. His journey from the discovery of his extraordinary talent as the lead of the Jackson Five, to the visionary artist whose creative ambition fueled a relentless pursuit to become the biggest entertainer in the world, highlighting both his life off-stage and some of the most iconic performances from his early solo career.",Surprise
1504358,Don't Say Good Luck,"[35, 10402, 18]",Sophie Birenbaum is ready for the spotlight as the lead in her high school musical — until she's suddenly facing more drama at home than on the stage.,Sadness
931285,Mortal Kombat II,"[28, 14, 12]","The fan favorite champions—now joined by Johnny Cage himself—are pitted against one another in the ultimate, no-holds barred, gory battle to defeat the dark rule of Shao Kahn that threatens the very existence of the Earthrealm and its defenders.",Fear
102382,The Amazing Spider-Man 2,"[28, 12, 878]","For Peter Parker, life is busy. Between taking out the bad guys as Spider-Man and spending time with the person he loves, Gwen Stacy, high school graduation cannot come quickly enough. Peter has not forgotten about the promise he made to Gwen’s father to protect her by staying away, but that is a promise he cannot keep. Things will change for Peter when a new villain, Electro, emerges, an old friend, Harry Osborn, returns, and Peter uncovers new clues about his past.",Sadness
441168,From Straight A's to XXX,"[18, 10770]","When a change of circumstances leaves Miriam unable to pay her college tuition, she makes a surprising decision: to start performing in adult films, using the pseudonym Belle Knox. Miriam lies to her family and her friends at school, keeping her double life a secret. But soon rumours spread and Miriam becomes the subject of vicious online attacks and unwanted attention. Miriam fights back: she talks to the media, saying her new line of work empowers her as a feminist. But her confident stand has unintended consequences. Miriam is shunned by her conservative family and her colleagues in the adult film world. One impulsive decision has quickly spiralled out of control - and Miriam's problems are just beginning.",Fear
157336,Interstellar,"[12, 18, 878]",The adventures of a group of explorers who make use of a newly discovered wormhole to surpass the limitations on human space travel and conquer the vast distances involved in an interstellar voyage.,Joy
1228710,The Mandalorian and Grogu,"[28, 12, 878]","The evil Empire has fallen, and Imperial warlords remain scattered throughout the galaxy. As the fledgling New Republic works to protect everything the Rebellion fought for, they have enlisted the help of legendary Mandalorian bounty hunter Din Djarin and his young apprentice Grogu.",Anger
1419406,The Shadow's Edge,"[28, 80, 18, 53]",Macau Police brings the tracking expert police officer out of retirement to help catch a dangerous group of professional thieves.,Sadness
1226863,The Super Mario Galaxy Movie,"[10751, 35, 12, 14, 16]","Having thwarted Bowser's previous plot to marry Princess Peach, Mario and Luigi now face a fresh threat in Bowser Jr., who is determined to liberate his father from captivity and restore the family legacy. Alongside companions new and old, the brothers travel across the stars to stop the young heir's crusade.",Fear
1285366,Shape of My Heart,[10749],"A romance about a man and a woman who, due to an unexpected event, end up switching bodies. Despite coming from completely different backgrounds and environments, the two try to overcome the various difficulties that arise from their body swap.",Surprise
822119,Captain America: Brave New World,"[28, 53, 878]","After meeting with newly elected U.S. President Thaddeus Ross, Sam finds himself in the middle of an international incident. He must discover the reason behind a nefarious global plot before the true mastermind has the entire world seeing red.",Fear
569094,Spider-Man: Across the Spider-Verse,"[16, 28, 12, 878]","After reuniting with Gwen Stacy, Brooklyn’s full-time, friendly neighborhood Spider-Man is catapulted across the Multiverse, where he encounters the Spider Society, a team of Spider-People charged with protecting the Multiverse's very existence. But when the heroes clash on how to handle a new threat, Miles finds himself pitted against the other Spiders and must set out on his own to save those he loves most.",Love
89657,Country Hooker,[18],"A couple of musicians are on their way to a show at a country bar. Along the way, they pick up a couple of sexy hitchhiking ladies and decide to pull over for a pitstop. Eventually, they make it to the bar and uncover that the deep voiced country singer that also plays there is also a pimp who uses the ""waitresses"" to make him some extra cash. It is up to our musician heroes to put an end to the singer and his operation.",Joy
299534,Avengers: Endgame,"[12, 878, 28]","After the devastating events of Avengers: Infinity War, the universe is in ruins due to the efforts of the Mad Titan, Thanos. With the help of remaining allies, the Avengers must assemble once more in order to undo Thanos' actions and restore order to the universe once and for all, no matter what consequences may be in store.",Sadness
155,The Dark Knight,"[28, 80, 53]","Batman raises the stakes in his war on crime. With the help of Lt. Jim Gordon and District Attorney Harvey Dent, Batman sets out to dismantle the remaining criminal organizations that plague the streets. The partnership proves to be effective, but they soon find themselves prey to a reign of chaos unleashed by a rising criminal mastermind known to the terrified citizens of Gotham as the Joker.",Fear
82976,The Novices,"[35, 18]","Sister Agnès runs away from her convent in Brittany and seeks refuge in Paris with prostitute Mona Lisa. With absolutely no qualifications, the young novice has a hard job finding work, so Mona Lisa tries to teach her the ropes of the oldest profession of them all!",Sadness
1391021,Once Upon a Time in the Middle East,"[18, 10752]","Xu Fu travels to the Middle East to work as a chef in a Chinese restaurant to pay off family debts, where he meets floor manager Ma Junsheng. Their Dragon Restaurant rises to fame, attracting crowds with authentic‑tasting Chinese food. But war breaks out, and local conditions take a drastic turn for the worse. No one can remain unaffected. What lies ahead for them? And how will the Dragon Restaurant hold on amid the war?",Anger
238,The Godfather,"[18, 80]","Spanning the years 1945 to 1955, a chronicle of the fictional Italian-American Corleone crime family. When organized crime family patriarch, Vito Corleone barely survives an attempt on his life, his youngest son, Michael steps in to take care of the would-be killers, launching a campaign of bloody revenge.",Anger
1290821,Shelter,"[28, 80, 53]","A man living in self-imposed exile on a remote island rescues a young girl from a violent storm, setting off a chain of events that forces him out of seclusion to protect her from enemies tied to his past.",Fear
27205,Inception,"[28, 878, 12]","Cobb, a skilled thief who commits corporate espionage by infiltrating the subconscious of his targets is offered a chance to regain his old life as payment for a task considered to be impossible: ""inception"", the implantation of another person's idea into a target's subconscious.",Anger
324857,Spider-Man: Into the Spider-Verse,"[16, 28, 12, 878]","Struggling to find his place in the world while juggling school and family, Brooklyn teenager Miles Morales is unexpectedly bitten by a radioactive spider and develops unfathomable powers just like the one and only Spider-Man. While wrestling with the implications of his new abilities, Miles discovers a super collider created by the madman Wilson ""Kingpin"" Fisk, causing others from across the Spider-Verse to be inadvertently transported to his dimension.",Surprise
1327819,Hoppers,"[12, 16, 35, 10751, 878]","Scientists have discovered how to 'hop' human consciousness into lifelike robotic animals, allowing people to communicate with animals as animals. Animal lover Mabel seizes an opportunity to use the technology, uncovering mysteries within the animal world beyond anything she could have imagined.",Joy
1193950,The Dollmaker,"[80, 53, 27]","In a quiet village, charming young Tomás leads a simple life: caring for his mother, working at the video store and town clinic, and collecting dolls. As women begin disappearing, newly arrived Inspector Porter investigates.",Sadness
1656061,Immortal Combat,"[28, 878, 12]","History's greatest warriors, including Genghis Khan and Joan of Arc, are summoned by a shadowy organization to fight in a battle to the death. But unknown to their captors, the fighters have been plotting to turn the tables and dismantle the deadly enterprise from within.",Fear
1184918,The Wild Robot,"[10751, 16, 878, 12]","After a shipwreck, an intelligent robot called Roz is stranded on an uninhabited island. To survive the harsh environment, Roz bonds with the island's animals and cares for an orphaned baby goose.",Love
1368166,The Housemaid,"[9648, 53]","Trying to escape her past, Millie Calloway accepts a job as a live-in housemaid for the wealthy Nina and Andrew Winchester. But what begins as a dream job quickly unravels into something far more dangerous—a sexy, seductive game of secrets, scandal, and power.",Fear
271110,Captain America: Civil War,"[12, 28, 878]","Following the events of Age of Ultron, the collective governments of the world pass an act designed to regulate all superhuman activity. This polarizes opinion amongst the Avengers, causing two factions to side with Iron Man or Captain America, which causes an epic battle between former allies.",Anger
1304313,Lee Cronin's The Mummy,"[27, 9648]","The young daughter of a journalist disappears into the desert without a trace—eight years later, the broken family is shocked when she is returned to them, as what should be a joyful reunion turns into a living nightmare.",Sadness
1728704,Siping,[18],A gripping story about a woman wagered in a high-stakes card game. But the stakes get even hotter when she’s won by the man who’s long been obsessed with her.,Fear
1007757,Swapped,"[12, 16, 10751, 14]","A small woodland creature and a majestic bird, two natural sworn enemies of the Valley, magically trade places and set off on an adventure of a lifetime to switch back. Their journey soon uncovers a greater threat—one that could endanger not only their species, but the entire valley they call home.",Fear
533535,Deadpool & Wolverine,"[28, 35, 878]","A listless Wade Wilson toils away in civilian life with his days as the morally flexible mercenary, Deadpool, behind him. But when his homeworld faces an existential threat, Wade must reluctantly suit-up again with an even more reluctant Wolverine.",Fear
1487864,Nando Between Two Worlds - A Sintonia Film,"[18, 53, 80]","Caught between family life and his obligations to the criminal underworld, Nando faces an impossible choice about where his true loyalties lie.",Sadness
122,The Lord of the Rings: The Return of the King,"[12, 14, 28]","As armies mass for a final battle that will decide the fate of the world--and powerful, ancient forces of Light and Dark compete to determine the outcome--one member of the Fellowship of the Ring is revealed as the noble heir to the throne of the Kings of Men. Yet, the sole hope for triumph over evil lies with a brave hobbit, Frodo, who, accompanied by his loyal friend Sam and the hideous, wretched Gollum, ventures deep into the very dark heart of Mordor on his seemingly impossible quest to destroy the Ring of Power.​",Fear
1308767,Young Washington,"[36, 10752, 18]","Before he led a nation, George Washington was a young soldier thrown into a global conflict. With alliances crumbling and war closing in, he must choose who to trust and confront the leader he's becoming.",Anger
1234821,Jurassic World Rebirth,"[878, 12, 28]","Five years after the events of Jurassic World Dominion, covert operations expert Zora Bennett is contracted to lead a skilled team on a top-secret mission to secure genetic material from the world's three most massive dinosaurs. When Zora's operation intersects with a civilian family whose boating expedition was capsized, they all find themselves stranded on an island where they come face-to-face with a sinister, shocking discovery that's been hidden from the world for decades.",Surprise
99861,Avengers: Age of Ultron,"[28, 12, 878]","When Tony Stark tries to jumpstart a dormant peacekeeping program, things go awry and Earth’s Mightiest Heroes are put to the ultimate test as the fate of the planet hangs in the balance. As the villainous Ultron emerges, it is up to The Avengers to stop him from enacting his terrible plans, and soon uneasy alliances and unexpected action pave the way for an epic and unique global adventure.",Fear
617126,The Fantastic 4: First Steps,"[878, 12, 28]","Against the vibrant backdrop of a 1960s-inspired, retro-futuristic world, Marvel's First Family is forced to balance their roles as heroes with the strength of their family bond, while defending Earth from a ravenous space god called Galactus and his enigmatic Herald, Silver Surfer.",Fear
872585,Oppenheimer,"[18, 36]",The story of J. Robert Oppenheimer's role in the development of the atomic bomb during World War II.,Surprise
652,Troy,"[10752, 28, 36]","In year 1250 B.C. during the late Bronze age, two emerging nations begin to clash. Paris, the Trojan prince, convinces Helen, Queen of Sparta, to leave her husband Menelaus, and sail with him back to Troy. After Menelaus finds out that his wife was taken by the Trojans, he asks his brother Agamemnon to help him get her back. Agamemnon sees this as an opportunity for power. They set off with 1,000 ships holding 50,000 Greeks to Troy.",Anger
803796,KPop Demon Hunters,"[14, 10402, 35, 16]","When K-pop superstars Rumi, Mira and Zoey aren't selling out stadiums, they're using their secret powers to protect their fans from supernatural threats.",Fear
986056,Thunderbolts*,"[28, 878, 12]","After finding themselves ensnared in a death trap, seven disillusioned castoffs must embark on a dangerous mission that will force them to confront the darkest corners of their pasts.",Fear
361743,Top Gun: Maverick,"[28, 18]","After more than thirty years of service as one of the Navy’s top aviators, and dodging the advancement in rank that would ground him, Pete “Maverick” Mitchell finds himself training a detachment of TOP GUN graduates for a specialized mission the likes of which no living pilot has ever seen.",Joy
671,Harry Potter and the Philosopher's Stone,"[12, 14]","Harry Potter has lived under the stairs at his aunt and uncle's house his whole life. But on his 11th birthday, he learns he's a powerful wizard—with a place waiting for him at the Hogwarts School of Witchcraft and Wizardry. As he learns to harness his newfound powers with the help of the school's kindly headmaster, Harry uncovers the truth about his parents' deaths—and about the villain who's to blame.",Fear
949838,72 HOURS,"[35, 80]","To save his career, a 40-year-old ad exec joins a crew of twentysomethings for a wild Miami bachelor party after they mistakenly add him to a group chat.",Joy
840464,Greenland 2: Migration,"[12, 53, 878]","Having found the safety of the Greenland bunker after the comet Clarke decimated the Earth, the Garrity family must now risk everything to embark on a perilous journey across the wasteland of Europe to find a new home.",Fear
1263532,Beast Race,"[28, 878, 53]","In future Rio de Janeiro, a young leader of the resistance must enter a deadly parkour-inspired competition in order to save his sister's life.",Fear
693134,Dune: Part Two,"[878, 12]","Follow the mythic journey of Paul Atreides as he unites with Chani and the Fremen while on a path of revenge against the conspirators who destroyed his family. Facing a choice between the love of his life and the fate of the known universe, Paul endeavors to prevent a terrible future only he can foresee.",Love
1589248,"My Best Friend, His Girlfriend and Me",[35],"Olli and Matze are best friends living, working and planning to travel the world together — until Matze's romance with Rebecca turns it all upside down.",Love
1358280,Taboo: Family Secrets,"[10749, 18, 53]","A family is fractured by Lukas, the patriarch, and his ongoing infidelities. When the son Tyler comes home for a visit, a taboo passion between him and his stepmother Amanda blossoms, changing the family dynamics forever. The allegiances and expectations shift radically as the truth is revealed.",Sadness
1413976,Citizen Vigilante,"[53, 28, 80]","A man takes justice into his own hands, hunting down criminals. His vigilante crusade makes him a social media star but puts him at odds with the local police chief.",Anger
284053,Thor: Ragnarok,"[28, 878, 35, 12]","Thor is imprisoned on the other side of the universe and finds himself in a race against time to get back to Asgard to stop Ragnarok, the destruction of his home-world and the end of Asgardian civilization, at the hands of a powerful new threat, the ruthless Hela.",Fear
1726,Iron Man,"[28, 878, 12]","After being held captive in an Afghan cave, billionaire engineer Tony Stark creates a unique weaponized suit of armor to fight evil.",Fear
1497463,All That We Never Were,"[18, 10749]","19-year-old Leah navigates a coming-of-age journey in the wake of a tragic car accident that claims her parents. Relocated to a coastal town under the care of her brother’s best friend Axel, Leah grapples with grief, haunting nightmares and a fractured sense of self.",Fear
1325734,The Drama,"[10749, 35, 18]",A happily engaged couple is put to the test when an unexpected turn sends their wedding week off the rails.,Surprise
603,The Matrix,"[28, 878]","Set in the 22nd century, The Matrix tells the story of a computer hacker who joins a group of underground insurgents fighting the vast and powerful computers who now rule the earth.",Fear
453395,Doctor Strange in the Multiverse of Madness,"[14, 28, 12]","Doctor Strange, with the help of mystical allies both old and new, traverses the mind-bending and dangerous alternate realities of the Multiverse to confront a mysterious new adversary.",Fear
120,The Lord of the Rings: The Fellowship of the Ring,"[12, 14, 28]","Young hobbit Frodo Baggins, after inheriting a mysterious ring from his uncle Bilbo, must leave his home in order to keep it from falling into the hands of its evil creator. Along the way, a fellowship is formed to protect the ringbearer and make sure that the ring arrives at its final destination: Mt. Doom, the only place where it can be destroyed.",Fear
550,Fight Club,"[18, 53]","A ticking-time-bomb insomniac and a slippery soap salesman channel primal male aggression into a shocking new form of therapy. Their concept catches on, with underground ""fight clubs"" forming in every town, until an eccentric gets in the way and ignites an out-of-control spiral toward oblivion.",Surprise
98,Gladiator,"[28, 18, 12]","After the death of Emperor Marcus Aurelius, his devious son takes power and demotes Maximus, one of Rome's most capable generals who Marcus preferred. Eventually, Maximus is forced to become a gladiator and battle to the death against other men for the amusement of paying audiences.",Anger
1122573,In the Grey,"[28, 53]","A covert team of elite operatives are living in the shadows. When a ruthless despot steals a billion-dollar fortune, they're sent to take it back—an impossible heist that erupts into a deadly game of strategy, deception and survival.",Fear
597528,All Wives Party,[10749],"Christy and Erma visit a special club called Aphrodisia, where they are free to indulge their pleasures. The hostess wastes no time showing Erma just how the club works as she ravishes one of the house boys on the sofa, leaving Erma to watch.",Joy
1185806,PAW Patrol: The Dino Movie,"[16, 12, 10751, 14, 35]","The Paw Patrol lands on a mysterious dinosaur island after a storm, where they meet Rex, a stranded pup. When Humdinger's reckless mining triggers a volcano, the team faces their biggest rescue mission yet to save the island.",Fear
1061474,Superman,"[878, 12, 28]","Superman, a journalist in Metropolis, embarks on a journey to reconcile his Kryptonian heritage with his human upbringing as Clark Kent.",Surprise
1318447,Apex,"[28, 53]",A grieving woman pushing her limits on a solo adventure in the Australian wild is ensnared in a twisted game with a cunning killer who thinks she's prey.,Fear
1272837,28 Years Later: The Bone Temple,"[27, 53, 878]",Dr. Kelson finds himself in a shocking new relationship - with consequences that could change the world as they know it - and Spike's encounter with Jimmy Crystal becomes a nightmare he can't escape.,Fear
194117,Woman in the Moon,"[18, 10749, 80]",An Italian-American woman traveling to Sicily picks up a teenager who claims to be in trouble with some drug dealers.,Fear
1724,The Incredible Hulk,"[878, 28, 12]","Scientist Bruce Banner scours the planet for an antidote to the unbridled force of rage within him: the Hulk. But when the military masterminds who dream of exploiting his powers force him back to civilization, he finds himself coming face to face with a new, deadly foe.",Fear
1242898,Predator: Badlands,"[28, 878, 12]","Cast out from his clan, a young Predator finds an unlikely ally in a damaged android and embarks on a treacherous journey in search of the ultimate adversary.",Fear
1491920,Kung Fu Soccer,"[18, 35, 28]","The ""Supreme Invincible Cup"" is about to begin, and a host of top teams are about to engage in an unprecedented showdown! But the Kung Fu Women's Soccer Team has been dealt a hellish script right from the start?! Their opponents are all highly skilled, and external pressure is mounting. The schemes on the field are one after another... Can they use their kung fu to turn the tide on the green field?",Anger
1382832,Hungry,"[53, 27]",A group of holidaymakers must fight for their lives against a rampaging hippo on the loose after becoming lost in the Louisiana swamplands.,Fear
105,Back to the Future,"[12, 35, 878]","Eighties teenager Marty McFly is accidentally sent back in time to 1955, inadvertently disrupting his parents' first meeting and attracting his mother's romantic interest. Marty must repair the damage to history by rekindling his parents' romance and - with the help of his eccentric inventor friend Doc Brown - return to 1985.",Sadness
911430,F1,"[28, 18]",Racing legend Sonny Hayes is coaxed out of retirement to lead a struggling Formula 1 team—and mentor a young hotshot driver—while chasing one more chance at glory.,Sadness
967941,Wicked: For Good,"[14, 12, 10749]","As an angry mob rises against the Wicked Witch, Glinda and Elphaba will need to come together one final time. With their singular friendship now the fulcrum of their futures, they will need to truly see each other, with honesty and empathy, if they are to change themselves, and all of Oz, for good.",Anger
1430698,The Bay,"[53, 27]","Best friends Emma and Lani, attending a destination wedding in Thailand, find themselves trapped on a sinking tour boat in the heart of a tiger shark sanctuary.",Sadness
1265609,War Machine,"[28, 878, 53]","On one last grueling mission during Army Ranger training, a combat engineer must lead his unit in a fight against a giant otherworldly killing machine.",Sadness
1432631,Idhayam Murali,"[10749, 35, 18]","A young man navigates the complexities of unrequited love, finding that even as years pass and life takes unexpected turns, certain emotions remain deeply embedded in his heart.",Sadness
680,Pulp Fiction,"[53, 80, 35]","A burger-loving hit man, his philosophical partner, a drug-addled gangster's moll and a washed-up boxer converge in this sprawling, comedic crime caper. Their adventures unfurl in three stories that ingeniously trip back and forth in time.",Joy
798645,The Running Man,"[28, 53, 878]","Desperate to save his sick daughter, working-class Ben Richards is convinced by The Running Man's charming but ruthless producer to enter the deadly competition game as a last resort. But Ben's defiance, instincts, and grit turn him into an unexpected fan favorite — and a threat to the entire system. As ratings skyrocket, so does the danger, and Ben must outwit not just the Hunters, but a nation addicted to watching him fall.",Fear
672,Harry Potter and the Chamber of Secrets,"[12, 14]","Cars fly, trees fight back, and a mysterious house-elf comes to warn Harry Potter at the start of his second year at Hogwarts. Adventure and danger await when bloody writing on a wall announces: The Chamber Of Secrets Has Been Opened. To save Hogwarts will require all of Harry, Ron and Hermione's magical abilities and courage.",Fear
1301421,The Sheep Detectives,"[35, 10751, 9648]","George Hardy is a shepherd who reads detective novels to his beloved sheep every night, assuming they can't possibly understand. But when a mysterious incident disrupts life on the farm, the sheep realize they must become the detectives. As they follow the clues and investigate human suspects, they prove that even sheep can be brilliant crime-solvers.",Sadness
1318621,Descendants: Wicked Wonderland,"[10770, 10751, 14, 12]","Now that the Queen of Hearts is nice and Cinderella is safe, things seem perfect for Red and Chloe… But little do they know that changing the past created a new villain — Maddox Hatter. When Maddox captures the Queen of Hearts, Red and Chloe must work alongside Red’s new sister Pink, Luisa Madrigal’s son Luis, and Maddox’s son Max to save her and Wonderland.",Joy
933260,The Substance,"[27, 878]","A fading celebrity decides to use a black market drug, a cell-replicating substance that temporarily creates a younger, better version of herself.",Sadness
1723013,Hibla 2,[18],"Two VMX queens, Aliya Raymundo and Margaret Diaz, play reunited childhood friends who share a memorable past and a complicated present: one is a liberated city girl, the other a sheltered country virgin, and both are surrounded by men eager to get a taste of their youth.",Joy
496243,Parasite,"[35, 53, 18]","All unemployed, Ki-taek's family takes peculiar interest in the wealthy and glamorous Parks for their livelihood until they get entangled in an unexpected incident.",Surprise
121,The Lord of the Rings: The Two Towers,"[12, 14, 28]","Frodo Baggins and the other members of the Fellowship continue on their sacred quest to destroy the One Ring--but on separate paths. Their destinies lie at two towers--Orthanc Tower in Isengard, where the corrupt wizard Saruman awaits, and Sauron's fortress at Barad-dur, deep within the dark lands of Mordor. Frodo and Sam are trekking to Mordor to destroy the One Ring of Power while Gimli, Legolas and Aragorn search for the orc-captured Merry and Pippin. All along, nefarious wizard Saruman awaits the Fellowship members at the Orthanc Tower in Isengard.",Fear
1297842,GOAT,"[16, 35, 10751]","A small goat with big dreams gets a once-in-a-lifetime shot to join the pros and play roarball, a high-intensity, co-ed, full-contact sport dominated by the fastest, fiercest animals in the world.",Joy
895954,母女汽车中心,[10749],"Yeon Ja, a working mother, runs a car center after divorce and is raising her daughter all by herself. Her daughter, Ah Jung, started helping her when she became an adult, however, the customers don't trust weak-looking women to touch machines and the business at the car center is slow. Thanks to Ah Jung's punk boyfriend, Sung Hoon, they came up with an idea to turn the car center into a sexy car center.",Anger
1469342,Her Private Hell,"[878, 27, 53]","When a mysterious mist engulfs a futuristic metropolis, unleashing a deadly and elusive entity, a troubled young woman searches for her father. Her quest collides with an American GI on a harrowing odyssey to rescue his daughter from Hell.",Fear
862,Toy Story,"[10751, 35, 16, 12]","Led by Woody, Andy's toys live happily in his room until Andy's birthday brings Buzz Lightyear onto the scene. Afraid of losing his place in Andy's heart, Woody plots against Buzz. But when circumstances separate Buzz and Woody from their owner, the duo eventually learns to put aside their differences.",Fear
1233413,Sinners,"[27, 28, 53]","Trying to leave their troubled lives behind, twin brothers return to their hometown to start again, only to discover that an even greater evil is waiting to welcome them back.",Fear
447365,Guardians of the Galaxy Vol. 3,"[878, 12, 28]","Peter Quill, still reeling from the loss of Gamora, must rally his team around him to defend the universe along with protecting one of their own. A mission that, if not completed successfully, could quite possibly lead to the end of the Guardians as we know them.",Fear
1598766,Crayon Shin-chan the Movie: Very Bizarre! My Yokai Vacation,"[12, 16, 35]","Shin-chan and his family visit his father's home town of Akita in order to view the Omagari Fireworks Festival. When a strange incident to causes the residents of “Yokai Land” to begin running wild throughout Akita and the rest of Japan, Shin-chan and company are lured to “Yokai Land” for an unusual adventure.",Surprise
1516698,The Last Sunrise,"[10749, 18]","Ry, a college student with a chronic illness escapes to Mallorca for the summer with her mother, where she unexpectedly falls for a local and begins to embrace living in the moment. But as her condition worsens and long-hidden family secrets come to light, everything she has found before summer's end is threatened.",Fear
113344,The American Scream,"[27, 35]","An American family takes their classic Christmas vacation at a perfect mountain resort, but the strange residents of Wilson Creek seem to have something else planned... something gruesome.",Fear
674,Harry Potter and the Goblet of Fire,"[12, 14]","When his name emerges from the Goblet of Fire, Harry Potter becomes a competitor in a grueling battle for glory among three wizarding schools. Signs of Voldemort's return emerge as Harry's friends help him prepare for the Triwizard Tournament.",Joy
597,Titanic,"[18, 10749]","101-year-old Rose DeWitt Bukater tells the story of her life aboard the Titanic, 84 years later. A young Rose boards the ship with her mother and fiancé. Meanwhile, Jack Dawson and Fabrizio De Rossi win third-class tickets aboard the ship. Rose tells the whole story from Titanic's departure through to its death—on its first and last voyage—on April 15, 1912.",Joy
1010581,My Fault,"[18, 10749, 53]","Noah must leave her city, boyfriend, and friends to move into William Leister's mansion, the flashy and wealthy husband of her mother Rafaela. As a proud and independent 17 year old, Noah resists living in a mansion surrounded by luxury. However, it is there where she meets Nick, her new stepbrother, and the clash of their strong personalities becomes evident from the very beginning.",Love
1669051,Kesong Puti,[18],"Have a taste of VMX Newest Temptation Apphle Celso. Lena, a Kesong Puti vendor, meets a charming dairy supplier Manny. Their chemistry sparks a daring secret that transforms her humble cheese into their town’s obsession.",Love
976912,Graphic Desires,"[53, 80]","When reclusive Franklin cheats on his partner with a mysterious girl he meets on a dating app, it becomes the start of a deadly obsession.",Fear
284052,Doctor Strange,"[14, 12, 28]","After his career is destroyed, a brilliant but arrogant surgeon gets a new lease on life when a sorcerer takes him under her wing and trains him to defend the world against evil.",Anger
14836,Coraline,"[16, 10751, 14]","Wandering her rambling old house in her boring new town, 11-year-old Coraline discovers a hidden door to a strangely idealized version of her life. In order to stay in the fantasy, she must make a frighteningly real sacrifice.",Fear
68718,Django Unchained,"[18, 37]","With the help of a German bounty hunter, a freed slave sets out to rescue his wife from a brutal Mississippi plantation owner.",Fear
1487861,Elize: Shadows of a Woman,"[53, 80, 18]","In this retelling of a real case, a former escort discovers her wealthy husband's infidelity and struggles to cope as betrayal poisons their marriage.",Fear
673,Harry Potter and the Prisoner of Azkaban,"[12, 14]",Harry Potter's life is in danger once more as dangerous wizard Sirius Black has escaped from Azkaban Prison and is heading to Hogwarts.,Fear
1525963,Debtor’s Wife,[],"Soo-yeong and Hae-soo are college friends stuck in a love tangle: Soo-yeong likes Che-moo, but Che-moo likes Hae-soo. Meanwhile, Hae-soo likes Dae-in, but Dae-in likes Soo-yeong. Despite the mixed-up feelings, they end up in mismatched marriages. Later, Hae-soo wants to have a baby and tries to get closer to her husband, Dae-in. But Dae-in knows he can’t have children, so he secretly makes a surprising proposal to Soo-yeong’s husband, Che-moo.",Love
12444,Harry Potter and the Deathly Hallows: Part 1,"[12, 14]","Harry, Ron and Hermione walk away from their last year at Hogwarts to find and destroy the remaining Horcruxes, putting an end to Voldemort's bid for immortality. But with Harry's beloved Dumbledore dead and Voldemort's unscrupulous Death Eaters on the loose, the world is more dangerous than ever.",Fear
438631,Dune,"[878, 12]","Paul Atreides, a brilliant and gifted young man born into a great destiny beyond his understanding, must travel to the most dangerous planet in the universe to ensure the future of his family and his people. As malevolent forces explode into conflict over the planet's exclusive supply of the most precious resource in existence - a commodity capable of unlocking humanity's greatest potential - only those who can conquer their fear will survive.",Fear
138843,The Conjuring,"[27, 53]","Paranormal investigators Ed and Lorraine Warren work to help a family terrorized by a dark presence in their farmhouse. Forced to confront a powerful entity, the Warrens find themselves caught in the most terrifying case of their lives.",Fear
10195,Thor,"[12, 14, 28]","Against his father Odin's will, The Mighty Thor - a powerful but arrogant warrior god - recklessly reignites an ancient war. Thor is cast down to Earth and forced to live among humans as punishment. Once here, Thor learns what it takes to be a true hero when the most dangerous villain of his world sends the darkest forces of Asgard to invade Earth.",Anger
436969,The Suicide Squad,"[28, 35, 12]","Supervillains Harley Quinn, Bloodsport, Peacemaker and a collection of nutty cons at Belle Reve prison join the super-secret, super-shady Task Force X as they are dropped off at the remote, enemy-infused island of Corto Maltese.",Fear
284054,Black Panther,"[28, 12, 878]","King T'Challa returns home to the reclusive, technologically advanced African nation of Wakanda to serve as his country's new leader. However, T'Challa soon finds that he is challenged for the throne by factions within his own country as well as without. Using powers reserved to Wakandan kings, T'Challa assumes the Black Panther mantle to join with ex-girlfriend Nakia, the queen-mother, his princess-kid sister, members of the Dora Milaje (the Wakandan 'special forces') and an American secret agent, to prevent Wakanda from being dragged into a world war.",Fear
1168190,The Wrecking Crew,"[28, 35, 80, 9648]","Estranged half-brothers Jonny and James reunite after their father's mysterious death. As they search for the truth, buried secrets reveal a conspiracy threatening to tear their family apart.",Fear
75278,Im Gasthaus zum scharfen Hirschen,[35],"Hannelore Reitzler elopes with her boyfriend to the Hotel Liebesnest but he leaves her during the night after failing to take her virginity. Not wanting to return home, Hannelore takes job as a chambermaid which also involves giving sexual favors to the guests at an extra charge. Meanwhile, a female cat burglar visits Das Liebesnest every night and each time she gets caught, she offers her body to the captor to keep them quiet.",Sadness
497,The Green Mile,"[14, 18, 80]","A supernatural tale set on death row in a Southern prison, where gentle giant John Coffey possesses the mysterious power to heal people's ailments. When the cell block's head guard, Paul Edgecomb, recognizes Coffey's miraculous gift, he tries desperately to help stave off the condemned man's execution.",Fear
12445,Harry Potter and the Deathly Hallows: Part 2,"[12, 14]","Harry, Ron and Hermione continue their quest to vanquish the evil Voldemort once and for all. Just as things begin to look hopeless for the young wizards, Harry discovers a trio of magical objects that endow him with powers to rival Voldemort's formidable skills.",Fear
10138,Iron Man 2,"[12, 28, 878]","With the world now aware of his dual life as the armored superhero Iron Man, billionaire inventor Tony Stark faces pressure from the government, the press and the public to share his technology with the military. Unwilling to let go of his invention, Stark, with Pepper Potts and James 'Rhodey' Rhodes at his side, must forge new alliances – and confront powerful enemies.",Anger
11,Star Wars,"[12, 28, 878]",Princess Leia is captured and held hostage by the evil Imperial forces in their effort to take over the galactic Empire. Venturesome Luke Skywalker and dashing captain Han Solo team together with the loveable robot duo R2-D2 and C-3PO to rescue the beautiful princess and restore peace and justice in the Empire.,Love
1218925,Chainsaw Man - The Movie: Reze Arc,"[16, 28, 10749, 14]","In a brutal war between devils, hunters, and secret enemies, a mysterious girl named Reze has stepped into Denji's world, and he faces his deadliest battle yet, fueled by love in a world where survival knows no rules.",Love
76338,Thor: The Dark World,"[28, 12, 14]","Thor fights to restore order across the cosmos… but an ancient race led by the vengeful Malekith returns to plunge the universe back into darkness. Faced with an enemy that even Odin and Asgard cannot withstand, Thor must embark on his most perilous and personal journey yet, one that will reunite him with Jane Foster and force him to sacrifice everything to save us all.",Fear
122917,The Hobbit: The Battle of the Five Armies,"[28, 12, 14]","Following Smaug's attack on Laketown, Bilbo and the dwarves try to defend Erebor's mountain of treasure from others who claim it: the men of the ruined Laketown and the elves of Mirkwood. Meanwhile an army of Orcs led by Azog the Defiler is marching on Erebor, fueled by the rise of the dark lord Sauron. Dwarves, elves and men must unite, and the hope for Middle-Earth falls into Bilbo's hands.",Fear
324786,Hacksaw Ridge,"[18, 36, 10752]","WWII American Army Medic Desmond T. Doss, who served during the Battle of Okinawa, refuses to kill people and becomes the first Conscientious Objector in American history to receive the Congressional Medal of Honor.",Sadness
424,Schindler's List,"[18, 36, 10752]",The true story of how businessman Oskar Schindler saved over a thousand Jewish lives from the Nazis while they worked as slaves in his factory during World War II.,Surprise
350,The Devil Wears Prada,"[18, 35]","A young woman from the Midwest gets more than she bargained for when she moves to New York to become a writer and ends up as the assistant to the tyrannical, larger-than-life editor-in-chief of a major fashion magazine.",Anger
1380291,Tom Clancy's Jack Ryan: Ghost War,"[28, 53]","Jack Ryan is reluctantly pulled back into espionage when an international covert mission unravels a deadly conspiracy. Racing against time, he joins CIA allies Mike November & James Greer and sharp MI6 officer Emma Marlowe to battle a rogue black-ops unit in a high-stakes, deeply personal fight.",Anger
950387,A Minecraft Movie,"[10751, 14, 35, 12]","Four misfits find themselves struggling with ordinary problems when they are suddenly pulled through a mysterious portal into the Overworld: a bizarre, cubic wonderland that thrives on imagination. To get back home, they'll have to master this world while embarking on a magical quest with an unexpected, expert crafter, Steve.",Surprise
807,Se7en,"[80, 9648, 53]","Two homicide detectives are on a desperate hunt for a serial killer whose crimes are based on the ""seven deadly sins"" in this dark and haunting film that takes viewers from the tortured remains of one victim to the next. The seasoned Det. Somerset researches each sin in an effort to get inside the killer's mind, while his novice partner, Mills, scoffs at his efforts to unravel the case.",Fear
19995,Avatar,"[878, 28, 12]","In the 22nd century, a paraplegic Marine is dispatched to the moon Pandora on a unique mission, but becomes torn between following orders and protecting an alien civilization.",Sadness
76341,Mad Max: Fury Road,"[28, 12, 878]","An apocalyptic story set in the furthest reaches of our planet, in a stark desert landscape where humanity is broken, and most everyone is crazed fighting for the necessities of life. Within this world exist two rebels on the run who just might be able to restore order.",Sadness
354912,Coco,"[10751, 16, 10402, 12]","Despite his family’s baffling generations-old ban on music, Miguel dreams of becoming an accomplished musician like his idol, Ernesto de la Cruz. Desperate to prove his talent, Miguel finds himself in the stunning and colorful Land of the Dead following a mysterious chain of events. Along the way, he meets charming trickster Hector, and together, they set off on an extraordinary journey to unlock the real story behind Miguel's family history.",Surprise
385687,Fast X,"[28, 80, 53]","Over many missions and against impossible odds, Dom Toretto and his family have outsmarted, out-nerved and outdriven every foe in their path. Now, they confront the most lethal opponent they've ever faced: A terrifying threat emerging from the shadows of the past who's fueled by blood revenge, and who is determined to shatter this family and destroy everything—and everyone—that Dom loves, forever.",Fear
1305781,Blades of the Guardians,"[28, 12, 18, 37]","Dao Ma, the ""second most wanted fugitive,"" is entrusted by his benefactor, the chief of Mo family clan, to take on a mysterious escort mission-escorting the ""most wanted fugitive"" to Chang'an.",Fear
1171145,Crime 101,"[80, 53]","When an elusive thief whose high-stakes heists unfold along the iconic 101 freeway in Los Angeles eyes the score of a lifetime, with hopes of this being his final job, his path collides with a disillusioned insurance broker who is facing her own crossroads. Determined to crack the case, a relentless detective closes in on the operation, raising the stakes even higher.",Anger
13,Forrest Gump,"[35, 18, 10749]","A man with a low IQ has accomplished great things in his life and been present during significant historic events—in each case, far exceeding what anyone imagined he could do. But despite all he has achieved, his one true love eludes him.",Love
129,Spirited Away,"[16, 10751, 14]","A young girl, Chihiro, becomes trapped in a strange new world of spirits. When her parents undergo a mysterious transformation, she must call upon the courage she never knew she had to free her family.",Fear
293660,Deadpool,"[28, 12, 35]","The origin story of former Special Forces operative turned mercenary Wade Wilson, who, after being subjected to a rogue experiment that leaves him with accelerated healing powers, adopts the alter ego Deadpool. Armed with his new abilities and a dark, twisted sense of humor, Deadpool hunts down the man who nearly destroyed his life.",Anger
489,Good Will Hunting,[18],"Will Hunting is a headstrong, working-class genius who is failing the lessons of life. After one too many run-ins with the law, Will's last chance is a psychology professor, who might be the only man who can reach him.",Sadness
950396,The Gorge,"[10749, 878, 53]","Two highly trained operatives grow close from a distance after being sent to guard opposite sides of a mysterious gorge. When an evil below emerges, they must work together to survive what lies within.",Fear
1022789,Inside Out 2,"[16, 12, 35, 10751]","Teenager Riley's mind headquarters is undergoing a sudden demolition to make room for something entirely unexpected: new Emotions! Joy, Sadness, Anger, Fear and Disgust, who’ve long been running a successful operation by all accounts, aren’t sure how to feel when Anxiety shows up. And it looks like she’s not alone.",Sadness
244786,Whiplash,"[18, 10402, 53]","Under the direction of a ruthless instructor, a talented young drummer begins to pursue perfection at any cost, even his humanity.",Anger
8587,The Lion King,"[16, 10751, 18]","Young lion prince Simba, eager to one day become king of the Pride Lands, grows up under the watchful eye of his father Mufasa; all the while his villainous uncle Scar conspires to take the throne for himself. Amid betrayal and tragedy, Simba must confront his past and find his rightful place in the Circle of Life.",Sadness
1740877,Storm on Sesame Street,"[10751, 16]","In the Storm on Sesame Street special, Elmo and his friends work together to get ready for a big storm, learning how to be prepared, have courage, and calm their bodies and minds when things feel scary. After the storm passes, Sesame Street looks different, and everyone pitches in to help their neighbors rebuild their homes. With the help of the neighborhood, including celebrity guests Post Malone and Michelle Buteau, Elmo and Abby set out to make a difference, and discover that small acts of kindness, and support from friends, can make the biggest difference of all.",Joy
1198994,Send Help,"[27, 53, 35]","Two colleagues become stranded on a deserted island, the only survivors of a plane crash. On the island, they must overcome past grievances and work together to survive, but ultimately, it's a battle of wills and wits to make it out alive.",Sadness
106646,The Wolf of Wall Street,"[80, 18, 35]","A New York stockbroker refuses to cooperate in a large securities fraud case involving corruption on Wall Street, corporate banking world and mob infiltration. Based on Jordan Belfort's autobiography.",Anger
675,Harry Potter and the Order of the Phoenix,"[12, 14]","When a new professor's methods leave Hogwarts unprepared to fight the rising tide of evil, Harry teaches students how to defend against the dark arts.",Fear
393392,Modori River,"[80, 18, 10749]","The story of Takeha, a free-spirited genius poet who lived through Taisho Romanticism, and the women who gave themselves over to his ambitions.",Sadness
539972,Kraven the Hunter,"[28, 12, 53]","Kraven Kravinoff's complex relationship with his ruthless gangster father, Nikolai, starts him down a path of vengeance with brutal consequences, motivating him to become not only the greatest hunter in the world, but also one of its most feared.",Fear
1241982,Moana 2,"[12, 16, 35, 10751, 14]","After receiving an unexpected call from her wayfinding ancestors, Moana journeys alongside Maui and a new crew to the far seas of Oceania and into dangerous, long-lost waters for an adventure unlike anything she's ever faced.",Surprise
414906,The Batman,"[80, 9648, 53]","In his second year of fighting crime, Batman uncovers corruption in Gotham City that connects to his own family while facing a serial killer known as the Riddler.",Fear
240,The Godfather Part II,"[18, 80]","In the continuing saga of the Corleone crime family, a young Vito Corleone grows up in Sicily and in 1910s New York. In the 1950s, Michael Corleone attempts to expand the family business into Las Vegas, Hollywood and Cuba.",Joy
1235877,Jana Nayagan,"[28, 18]","A clash of ideologies. One stands for the people, the other feeds on control. Their paths collided once before. Years later, a child’s silent fear ignites the past, drawing a former police officer into a battle far bigger than personal revenge.",Fear
18,The Fifth Element,"[878, 28, 12]","In 2257, a taxi driver is unintentionally given the task of saving a young girl who is part of the key that will ensure the survival of humanity.",Sadness
475557,Joker,"[80, 53, 18]","During the 1980s, a failed stand-up comedian is driven insane and turns to a life of crime and chaos in Gotham City while becoming an infamous psychopathic crime figure.",Sadness
10193,Toy Story 3,"[16, 10751, 35]","Woody, Buzz, and the rest of Andy's toys haven't been played with in years. With Andy about to go to college, the gang find themselves accidentally left at a nefarious day care center. The toys must band together to escape and return home to Andy.",Fear
198663,The Maze Runner,"[28, 9648, 878, 53]","A teenager with no memory of his past finds himself among a group of boys living in a walled enclosure surrounded by a massive, ever-changing maze. As he struggles to adapt to their rules and society, he begins to uncover clues that may lead to escape and the truth behind their confinement.",Fear
857,Saving Private Ryan,"[10752, 18, 36]","As U.S. troops storm the beaches of Normandy, three brothers lie dead on the battlefield, with a fourth trapped behind enemy lines. Ranger captain John Miller and seven men are tasked with penetrating German-held territory and bringing the boy home.",Sadness
299537,Captain Marvel,"[28, 12, 878]","The story follows Carol Danvers as she becomes one of the universe’s most powerful heroes when Earth is caught in the middle of a galactic war between two alien races. Set in the 1990s, Captain Marvel is an all-new adventure from a previously unseen period in the history of the Marvel Cinematic Universe.",Surprise
1477712,Ice Cream Man,[27],An idyllic summer town descends into madness when an ice cream man serves kids sweet delights with horrifying results.,Fear
246655,X-Men: Apocalypse,"[878, 14, 28]","After the re-emergence of the world's first mutant, world-destroyer Apocalypse, the X-Men must unite to defeat his extinction level plan.",Fear
552524,Lilo & Stitch,"[10751, 878, 35]",The wildly funny and touching story of a lonely Hawaiian girl and the fugitive alien who helps to mend her broken family.,Sadness
1616268,Aroopi,"[27, 53]","A vengeful Yakshini, once sealed inside a doll at the Aryanattu estate, is accidentally unleashed by two thieves. When a brutal murder draws Niranjan, the last surviving heir of the lineage, back to his ancestral home, he must confront an ancient curse and the dark secrets surrounding his family's past.",Fear
11036,The Notebook,"[10749, 18]","An epic love story centered around an older man who reads aloud to a woman with Alzheimer's. From a faded notebook, the old man's words bring to life the story about a couple who is separated by World War II, and is then passionately reunited, seven years later, after they have taken different paths.",Love
177572,Big Hero 6,"[12, 10751, 16, 28, 35]","A special bond develops between plus-sized inflatable robot Baymax, and prodigy Hiro Hamada, who team up with a group of friends to form a band of high-tech heroes.",Joy
767,Harry Potter and the Half-Blood Prince,"[12, 14]",Dumbledore tries to prepare Harry for the final battle with Voldemort while Death Eaters wreak havoc in both Muggle and Wizard worlds.,Fear
390062,Jungle,"[12, 18, 53]","In 1981, an enthusiastic young adventurer follows his dreams into the Bolivian Amazon jungle with two friends and a guide with a mysterious past. Their journey quickly turns into a terrifying ordeal as the darkest elements of human nature and the deadliest threats of the wilderness lead to an all-out fight for survival.",Fear
335984,Blade Runner 2049,"[878, 18]","Thirty years after the events of the first film, a new blade runner, LAPD Officer K, unearths a long-buried secret that has the potential to plunge what's left of society into chaos. K's discovery leads him on a quest to find Rick Deckard, a former LAPD blade runner who has been missing for 30 years.",Anger
558449,Gladiator II,"[28, 12, 18]","Years after witnessing the death of the revered hero Maximus at the hands of his uncle, Lucius is forced to enter the Colosseum after his home is conquered by the tyrannical Emperors who now lead Rome with an iron fist. With rage in his heart and the future of the Empire at stake, Lucius must look to his past to find strength and honor to return the glory of Rome to its people.",Anger
11324,Shutter Island,"[18, 53, 9648]","World War II soldier-turned-U.S. Marshal Teddy Daniels investigates the disappearance of a patient from a hospital for the criminally insane, but his efforts are compromised by troubling visions and a mysterious doctor.",Fear
150540,Inside Out,"[16, 10751, 12, 18, 35]","When 11-year-old Riley moves to a new city, her Emotions team up to help her through the transition. Joy, Fear, Anger, Disgust and Sadness work together, but when Joy and Sadness get lost, they must journey through unfamiliar places to get back home.",Joy
558,Spider-Man 2,"[28, 12, 878]","Peter Parker is going through a major identity crisis. Burned out from being Spider-Man, he decides to shelve his superhero alter ego, which leaves the city suffering in the wake of carnage left by the evil Doc Ock. In the meantime, Parker still can't act on his feelings for Mary Jane Watson, a girl he's loved since childhood. A certain anger begins to brew in his best friend Harry Osborn as well...",Sadness
1054867,One Battle After Another,"[53, 80, 35]","Washed-up revolutionary Bob exists in a state of stoned paranoia, surviving off-grid with his spirited, self-reliant daughter, Willa. When his evil nemesis resurfaces after 16 years and she goes missing, the former radical scrambles to find her, father and daughter both battling the consequences of his past.",Anger
233604,Women Hell Song,"[80, 18]","The roaming outlaw Okayo, also known as Benten due to the prominent tattoo of the Buddhist Goddess of Love emblazoned across her back. On the run from her persecutors, who seek to claim the tattoo and its skin canvas as a bounty, Okayo finds a safe haven in the arms of the mysterious shakuhachi (bamboo flute) playing Seigaku, himself tattooed with the image of Kisshoten, the Goddess of Prosperity.",Joy
549509,The Brutalist,[18],"When an innovative modern architect flees post-war Europe, he is given the opportunity to rebuild his legacy. Set during the dawn of the modern United States (in Pennsylvania), his wife joins him, and their lives are forever changed by a demanding, wealthy patron.",Joy
283995,Guardians of the Galaxy Vol. 2,"[878, 12, 28]",The Guardians must fight to keep their newfound family together as they unravel the mysteries of Peter Quill's true parentage.,Joy
499546,We,"[80, 18, 36]","During a scorching summer in a Belgian-Dutch border village, eight teenagers play games of discovery to break the listless monotony. They challenge each other and themselves and pretty soon, their sexual curiosity starts to blur the lines between right and wrong. As innocence is crushed in depraved games and sexual exploitation, the teenagers soon turn into ruthless predators.",Anger
497698,Black Widow,"[28, 12, 878]","Natasha Romanoff, also known as Black Widow, confronts the darker parts of her ledger when a dangerous conspiracy with ties to her past arises. Pursued by a force that will stop at nothing to bring her down, Natasha must deal with her history as a spy and the broken relationships left in her wake long before she became an Avenger.",Fear
10681,WALL·E,"[16, 10751, 878]","After hundreds of years doing what he was built for, WALL•E— a robot designed to clean up the earth—discovers a new purpose in life when he meets a sleek search robot named EVE. EVE comes to realize that WALL•E has inadvertently stumbled upon the key to the planet's future, and races back to space to report to the humans. Meanwhile, WALL•E chases EVE across the galaxy and sets into motion one of the most imaginative adventures ever brought to the big screen.",Joy
1159559,Scream 7,"[27, 9648, 80]","When a new Ghostface killer emerges in the quiet town where Sidney Prescott has built a new life, her darkest fears are realized as her daughter becomes the next target. Determined to protect her family, Sidney must face the horrors of her past to put an end to the bloodshed once and for all.",Fear
218,The Terminator,"[28, 53, 878]","In the post-apocalyptic future, reigning tyrannical supercomputers teleport a cyborg assassin known as the ""Terminator"" back to 1984 to kill Sarah Connor, whose unborn son is destined to lead insurgents against 21st century mechanical hegemony. Meanwhile, the human-resistance movement dispatches a lone warrior to safeguard Sarah. Can he stop the virtually indestructible killing machine?",Surprise
391312,Mourning Wife,"[18, 10749]","Director Daisuke Goto, the master of the cinematic Pink Eiga, is back with this retelling of the classic film noir, The Postman Always Rings Twice. A married woman, tasked with running her handicapped husband’s failing printing business, meets a drifter and they fall in love. Soon a plan to murder the husband is put into motion and the forces of fate begin to show their hand. Featuring bravura filmmaking, fantastic performances and steamy sex, the Mourning Wife is a worthy follow up for any fan of Daisuke Goto’s masterpiece A Lonely Cow Weeps at Dawn.",Love
502356,The Super Mario Bros. Movie,"[10751, 35, 12, 14, 16]","While working underground to fix a water main, Brooklyn plumbers—and brothers—Mario and Luigi are transported down a mysterious pipe and wander into a magical new world. But when the brothers are separated, Mario embarks on an epic quest to find Luigi.",Surprise
20352,Despicable Me,"[16, 35, 80, 878, 10751]","Determined to prove he's the world's greatest supervillain, Gru hatches an audacious plan to steal the Moon. To pull it off, he adopts three orphaned girls—Margo, Edith, and Agnes—intending to use them as pawns in his scheme. But the unexpected bond they form forces him to question the criminal life he's always known.",Surprise
1679730,THE RIBBON HERO,"[16, 14, 18, 28]","When the monstrous Nergal devastates her kingdom, Princess Sapphire reawakens as the Ribbon Hero and fights to save her new home from the same dark fate.",Fear
22,Pirates of the Caribbean: The Curse of the Black Pearl,"[12, 14, 28]","When wily pirate Captain Barbossa seizes Jack Sparrow’s beloved ship, the Black Pearl, and kidnaps the governor’s daughter, Elizabeth Swann, blacksmith Will Turner reluctantly teams up with the unpredictable pirate Jack to rescue her—only to uncover a terrifying curse that turns Barbossa’s crew into the undead.",Fear
713704,Evil Dead Rise,"[27, 53]","A reunion between two estranged sisters gets cut short by the rise of flesh-possessing demons, thrusting them into a primal battle for survival as they face the most nightmarish version of family imaginable.",Fear
1479832,DC,"[10749, 28, 18]",Rebel Devadas joins forces with Chandra in a dangerous world where passion and peril collide. Their turbulent alliance demands bloodshed and tests loyalties as survival becomes the ultimate stake in their fight.,Fear
49026,The Dark Knight Rises,"[28, 80, 18, 53]","Following the death of District Attorney Harvey Dent, Batman assumes responsibility for Dent's crimes to protect the late attorney's reputation and is subsequently hunted by the Gotham City Police Department. Eight years later, Batman encounters the mysterious Selina Kyle and the villainous Bane, a new terrorist leader who overwhelms Gotham's finest. The Dark Knight resurfaces to protect a city that has branded him an enemy.",Fear
1368314,Passenger,"[27, 53]","After a young couple witnesses a gruesome highway accident, they soon realize they did not leave the crash scene alone, as a demonic presence called the Passenger that won't stop until it claims them both turns their van life adventure into a nightmare.",Fear
1422,The Departed,"[18, 53, 80]","To take down South Boston's Irish Mafia, the police send in one of their own to infiltrate the underworld, not realizing the syndicate has done likewise. While an undercover cop curries favor with the mob kingpin, a career criminal rises through the police ranks. But both sides soon discover there's a mole among them.",Anger
1288341,Seven Snipers,"[28, 53]","When a former elite sniper is hunted down by the ruthless warlord who once held her captive, she must fight to the death to protect the daughter she has raised in hiding, on a remote Australian farm.",Anger
1156594,Our Fault,"[10749, 18]","Jenna and Lion's wedding brings about the long-awaited reunion between Noah and Nick after their breakup. Nick's inability to forgive Noah stands as an insurmountable barrier. He, heir to his grandfather's businesses, and she, starting her professional life, resist fueling a flame that's still alive. But now that their paths have crossed again, will love be stronger than resentment?",Love
18785,The Hangover,[35],"When three friends finally come to after a raucous night of bachelor-party revelry, they find a baby in the closet and a tiger in the bathroom. But they can't seem to locate their best friend, Doug – who's supposed to be tying the knot. Launching a frantic search for Doug, the trio perseveres through a nasty hangover to try to make it to the church on time.",Fear
616037,Thor: Love and Thunder,"[14, 28, 35]","After his retirement is interrupted by Gorr the God Butcher, a galactic killer who seeks the extinction of the gods, Thor Odinson enlists the help of King Valkyrie, Korg, and ex-girlfriend Jane Foster, who now wields Mjolnir as the Mighty Thor. Together they embark upon a harrowing cosmic adventure to uncover the mystery of the God Butcher’s vengeance and stop him before it’s too late.",Fear
585,"Monsters, Inc.","[16, 35, 10751, 14]","Lovable Sulley and his wisecracking sidekick Mike Wazowski are the top scare team at Monsters, Inc., the scream-processing factory in Monstropolis. When a little girl named Boo wanders into their world, it's the monsters who are scared silly, and it's up to Sulley and Mike to keep her out of sight and get her back home.",Fear
1305672,I Know Who You Are,"[36, 18]","On 1949 October 1, the day of the founding ceremony of the People's Republic of China, Xiao Dali enters the city and is reorganized as the director of the public security police station. He finds that primary school teacher Feng Jingbo is full of doubts. With the high vigilance of a soldier and the sense of responsibility of a public security official, Dali insists on partnering with Feng and becomes his neighbor. He then spends his whole life carrying out a nearly four-decade pursuit without regrets.",Sadness
1100988,28 Years Later,"[27, 53, 878]","Twenty-eight years after the Rage virus outbreak, a heavily-defended island survives connected to the mainland by a single causeway. When one of the group leaves the island into the dark heart of the mainland, he discovers secrets, wonders, and horrors that have mutated not only the infected but other survivors as well.",Fear
372058,Your Name.,"[16, 10749, 18]","High schoolers Mitsuha and Taki are complete strangers living separate lives. But one night, they suddenly switch places. Mitsuha wakes up in Taki’s body, and he in hers. This bizarre occurrence continues to happen randomly, and the two must adjust their lives around each other.",Surprise
575265,Mission: Impossible - The Final Reckoning,"[28, 53, 12]","Ethan Hunt and team continue their search for the terrifying AI known as the Entity — which has infiltrated intelligence networks all over the globe — with the world's governments and a mysterious ghost from Hunt's past on their trail. Joined by new allies and armed with the means to shut the Entity down for good, Hunt is in a race against time to prevent the world as we know it from changing forever.",Fear
1317288,Marty Supreme,"[18, 53]","Marty Mauser, a young man with a dream no one respects, goes to hell and back in pursuit of greatness.",Anger
1266127,Ready or Not: Here I Come,"[27, 35]","Moments after surviving an all-out attack from the Le Domas family, Grace discovers she’s reached the next level of the nightmarish game — and this time with her estranged sister Faith at her side. Grace has one chance to survive, keep her sister alive, and claim the High Seat of the Council that controls the world. Four rival families are hunting her for the throne, and whoever wins rules it all.",Joy
37165,The Truman Show,"[35, 18]","In a picture-perfect seaside town, an insurance salesman begins to realize that his entire existence may be staged and observed by a vast unseen audience as part of a long-running real-time reality TV show.",Surprise
68721,Iron Man 3,"[28, 12, 878]","When Tony Stark's world is torn apart by a formidable terrorist called the Mandarin, he starts an odyssey of rebuilding and retribution.",Sadness
4935,Howl's Moving Castle,"[14, 16, 12]","Sophie, a young milliner, is turned into an elderly woman by a witch who enters her shop and curses her. She encounters a wizard named Howl and gets caught up in his resistance to fighting for the king.",Fear
939243,Sonic the Hedgehog 3,"[28, 878, 35, 10751]","Sonic, Knuckles, and Tails reunite against a powerful new adversary, Shadow, a mysterious villain with powers unlike anything they have faced before. With their abilities outmatched in every way, Team Sonic must seek out an unlikely alliance in hopes of stopping Shadow and protecting the planet.",Joy
574475,Final Destination Bloodlines,"[27, 9648]","Plagued by a violent recurring nightmare, college student Stefanie heads home to track down the one person who might be able to break the cycle and save her family from the grisly demise that inevitably awaits them all.",Fear
863,Toy Story 2,"[16, 35, 10751]","Andy heads off to Cowboy Camp, leaving his toys to their own devices. Things shift into high gear when an obsessive toy collector named Al McWhiggen, owner of Al's Toy Barn kidnaps Woody. Andy's toys mount a daring rescue mission, Buzz Lightyear meets his match and Woody has to decide where he and his heart truly belong.",Fear
16869,Inglourious Basterds,"[18, 53, 10752]","In Nazi-occupied France during World War II, a group of Jewish-American soldiers known as ""The Basterds"" are chosen specifically to spread fear throughout the Third Reich by scalping and brutally killing Nazis. The Basterds, lead by Lt. Aldo Raine soon cross paths with a French-Jewish teenage girl who runs a movie theater in Paris which is targeted by the soldiers.",Fear
1363387,Saccharine,[27],"After succumbing to an obscure weight-loss craze involving the eating of human ashes, lovelorn medical student Hana finds herself haunted by the ghost of the person she's eating.",Fear
615656,Meg 2: The Trench,"[28, 878, 27]",An exploratory dive into the deepest depths of the ocean of a daring research team spirals into chaos when a malevolent mining operation threatens their mission and forces them into a high-stakes battle for survival.,Fear
808,Shrek,"[16, 35, 14, 12, 10751]","It ain't easy bein' green -- especially if you're a likable (albeit smelly) ogre named Shrek. On a mission to retrieve a gorgeous princess from the clutches of a fire-breathing dragon, Shrek teams up with an unlikely compatriot -- a wisecracking donkey.",Joy
912649,Venom: The Last Dance,"[878, 28, 12]","Eddie and Venom are on the run. Hunted by both of their worlds and with the net closing in, the duo are forced into a devastating decision that will bring the curtains down on Venom and Eddie's last dance.",Fear
12,Finding Nemo,"[16, 10751, 12]","Nemo, an adventurous young clownfish, is unexpectedly taken from his Great Barrier Reef home to a dentist's office aquarium. It's up to his worrisome father Marlin and a friendly but forgetful fish Dory to bring Nemo home -- meeting vegetarian sharks, surfer dude turtles, hypnotic jellyfish, hungry seagulls, and more along the way.",Fear
567609,Ready or Not,"[27, 35]",A young bride's wedding night turns into her worst nightmare when her ridiculously rich in-laws force her to play a gruesome game of hide-and-seek.,Fear
76600,Avatar: The Way of Water,"[28, 12, 878]","Set more than a decade after the events of the first film, learn the story of the Sully family (Jake, Neytiri, and their kids), the trouble that follows them, the lengths they go to keep each other safe, the battles they fight to stay alive, and the tragedies they endure.",Fear
2062,Ratatouille,"[16, 35, 10751, 14]","Remy, a rat, possesses a palate far more refined than that of his fellow comrades. He aspires to become a chef, one who creates rather than scavenges. When fate leads him beneath one of Paris's finest restaurants, he forms an unusual alliance with a young kitchen worker to pursue his culinary ambitions. As his double life unfolds, Remy must navigate the suspicions of the calculating Head Chef Skinner, the disapproval of Remy’s own colony, and the foreboding presence of renowned food critic Anton Ego, whose judgment can make or break a chef's legacy.",Anger
945961,Alien: Romulus,"[27, 878]","While scavenging the deep ends of a derelict space station, a group of young space colonizers come face to face with the most terrifying life form in the universe.",Fear
1408170,Lenin,"[28, 18, 10749]","In a village trapped by generations of bloodshed, a determined young man dares to challenge the traditions fueling an endless cycle of violence.",Anger
39254,Real Steel,"[28, 878, 18]","Charlie Kenton is a washed-up fighter who retired from the ring when robots took over the sport. After his robot is trashed, he reluctantly teams up with his estranged son to rebuild and train an unlikely contender.",Sadness
44980,Zero Woman 2,"[28, 53]","When a valuable suitcase is stolen, the mob, petty criminals, and a beautiful agent from the Elite Zero division are pulled into a battle to settle the score.",Anger
1197306,A Working Man,"[28, 80, 53]","Levon Cade left behind a decorated military career in the black ops to live a simple life working construction. But when his boss's daughter, who is like family to him, is taken by human traffickers, his search to bring her home uncovers a world of corruption far greater than he ever could have imagined.",Sadness
1613798,Vengeance,"[28, 53]","The brutal murder of the wife of “Toro,” a military hero in the special forces, turns him into a man with a single purpose: revenge. After a stroke of fate makes him a millionaire, Carlos transforms his fortune into an arsenal and, together with his closest soldiers, sets out to hunt down those responsible.",Anger
1430077,Hokum,[27],"When novelist Ohm Bauman retreats to a remote inn to scatter his parents' ashes, he is consumed by tales of a witch haunting the honeymoon suite. Disturbing visions and a shocking disappearance forces him to confront dark corners of his past.",Fear
505642,Black Panther: Wakanda Forever,"[28, 12, 878]","Queen Ramonda, Shuri, M’Baku, Okoye and the Dora Milaje fight to protect their nation from intervening world powers in the wake of King T’Challa’s death.  As the Wakandans strive to embrace their next chapter, the heroes must band together with the help of War Dog Nakia and Everett Ross and forge a new path for the kingdom of Wakanda.",Joy
1599993,Animals,"[35, 53]","Four couples sail the thin line between desire and search for authenticity, in a world where truth is as fragile as their relationships.",Sadness
952079,Invited Delivery Man 2,[10749],An erotic love film depicting a couple with sexual problems due to the muscular delivery man's erectile dysfunction and a female urologist.,Love
564,The Mummy,"[12, 28, 14]",Dashing legionnaire Rick O'Connell stumbles upon the hidden ruins of Hamunaptra while in the midst of a battle to claim the area in 1920s Egypt. It has been over three thousand years since former High Priest Imhotep suffered a fate worse than death as a punishment for a forbidden love—along with a curse that guarantees eternal doom upon the world if he is ever awoken.,Fear
508947,Turning Red,"[16, 10751, 35, 14]","Thirteen-year-old Mei is experiencing the awkwardness of being a teenager with a twist – when she gets too excited, she transforms into a giant red panda.",Fear
269149,Zootopia,"[16, 12, 10751, 35]","Determined to prove herself, Officer Judy Hopps, the first bunny on Zootopia's police force, jumps at the chance to crack her first case - even if it means partnering with scam-artist fox Nick Wilde to solve the mystery.",Anger
228150,Fury,"[10752, 18, 28]","April, 1945. As the Allies make their final push in the European Theater, a battle-hardened army sergeant commands a Sherman tank with a five-man crew on a deadly mission behind enemy lines.",Fear
1381027,Good Boy,"[53, 18, 9648]","Tommy, a volatile 19-year-old, revels in drugs, parties and violence. After getting separated from his friends on a drunken bender, he is abducted by a shadowy figure. He wakes to find himself imprisoned in the basement of a remote Yorkshire house, inhabited by a very strange family. But what unfolds is not what he could possibly expect.",Fear
12153,White Chicks,"[35, 80]","Two FBI agent brothers, Marcus and Kevin Copeland, accidentally foil a drug bust. To avoid being fired they accept a mission escorting a pair of socialites to the Hamptons--but when the girls are disfigured in a car accident, they refuse to go. Left without options, Marcus and Kevin decide to pose as the sisters, transforming themselves from black men into rich European-American women.",Fear
604079,The Long Walk,"[878, 53, 27]","In a dystopian 1970s America, fifty teenage boys take part in a deadly annual walking contest, forced to maintain a minimum pace or be executed, until only one survivor remains.",Fear
389,12 Angry Men,[18],"The defense and the prosecution have rested and the jury is filing into the jury room to decide if a young Spanish-American is guilty or innocent of murdering his father. What begins as an open and shut case soon becomes a mini-drama of each of the jurors' prejudices and preconceptions about the trial, the accused, and each other.",Sadness
1050390,Confinement Escape: Beautiful Prey,"[18, 53]","Ryoko, a cosmetics saleswoman, accidentally runs over a man, who turns out to be a serial rapist who escaped from a prison transport vehicle. Held captive inside her car by the bloodied man, she seizes an opportunity to escape. Wandering through the forest, she arrives at a mountain cabin where she is rescued by another man. However, he harbors twisted sexual desires of his own. Once discovered, he imprisons Ryoko too...",Fear
38757,Tangled,"[16, 10751, 12]","Feisty teenager Rapunzel, who has long and magical hair, wants to go and see sky lanterns on her eighteenth birthday, but she's bound to a tower by her overprotective mother. She strikes a deal with Flynn Rider, a charming wanted thief, and the duo set off on an action-packed escapade.",Joy
526024,Boy Undone,[18],"Two young men spend the night together after meeting the previous evening in a notorious gay club. The next day, however, the host wakes to find the boy he picked up bewildered and confused, unable remember his name or anything about his past. Lacking any type of identification or obvious clues, the boys begin to search for the truth among fragments of memories that may or may not prove reliable.",Fear
102899,Ant-Man,"[878, 12, 28]","Armed with the astonishing ability to shrink in scale but increase in strength, master thief Scott Lang must embrace his inner-hero and help his mentor, Doctor Hank Pym, protect the secret behind his spectacular Ant-Man suit from a new generation of towering threats. Against seemingly insurmountable obstacles, Pym and Lang must plan and pull off a heist that will save the world.",Surprise
921711,Tamil Rockers,"[35, 53]",4 Major characters running for the Money facing more challenges by forgetting the fact that it's not the decision of money to reach human.,Fear
207,Dead Poets Society,[18],"At an elite, old-fashioned boarding school in New England, a passionate English teacher inspires his students to rebel against convention and seize the potential of every day, courting the disdain of the stern headmaster.",Love
210577,Gone Girl,"[9648, 53, 18]","With his wife's disappearance having become the focus of an intense media circus, a man sees the spotlight turned on him when it's suspected that he may not be innocent.",Sadness
1101412,Fall 2: Deadpoint,[53],"On a perilous climb across Thailand's Mount Kwan, two climbers become trapped thousands of feet above the ground, where vertigo-inducing heights, sheer exposure, and impossible odds turn every moment into a fight for survival.",Fear
1650558,Abot Langit,[10749],"The relationship of a couple is tested when the girl’s first official flight pairs her with a confident senior pilot, jealousy and power dynamics surface in the training ground. The girl is now torn between her present relationship and new temptation she can’t resist.",Sadness
260514,Cars 3,"[16, 18, 10751]","Blindsided by a new generation of blazing-fast racers, the legendary Lightning McQueen is suddenly pushed out of the sport he loves. To get back in the game, he will need the help of an eager young race technician with her own plan to win, inspiration from the late Fabulous Hudson Hornet, and a few unexpected turns.",Surprise
1631506,The Hanged Woman,[27],"Rosa Martín, a singer-songwriter known as La Ahorcada, takes her own life in the garden of the man she loved, Fran, who treated her as nothing more than a sexual object. The ghost of La Ahorcada remains in Fran's mansion, refusing to be ignored and determined to teach him a lesson. Her obsession will end up turning the lives of Fran and his family into a living hell.",Anger
9806,The Incredibles,"[28, 12, 16, 10751]","Bob Parr has given up his superhero days to log in time as an insurance adjuster and raise his three children with his formerly heroic wife in suburbia. But when he receives a mysterious assignment, it's time to get back into costume.",Joy
1124,The Prestige,"[18, 9648, 878]","A mysterious story of two magicians whose intense rivalry leads them on a life-long battle for supremacy -- full of obsession, deceit and jealousy with dangerous and deadly consequences.",Fear
1202033,Enola Holmes 3,"[12, 80, 9648]","Adventure follows detective Enola Holmes to Malta, where her plans to tie the knot unravel when Sherlock's disappearance plunges her into a perilous case.",Fear
744275,After We Fell,"[18, 10749]","Just as Tessa's life begins to become unglued, nothing is what she thought it would be. Not her friends nor her family. The only person that she should be able to rely on is Hardin, who is furious when he discovers the massive secret that she's been keeping. Before Tessa makes the biggest decision of her life, everything changes because of revelations about her family.",Anger
280,Terminator 2: Judgment Day,"[28, 53, 878]","Ten years after the events of the original, a reprogrammed T-800 is sent back in time to protect young John Connor from the shape-shifting T-1000. Together with his mother Sarah, he fights to stop Skynet from triggering a nuclear apocalypse.",Fear
1306368,The Rip,"[28, 53, 80]","Trust frays when a team of Miami cops discovers millions in cash inside a run-down stash house, calling everyone — and everything — into question.",Fear
1541560,Stop! That! Train!,"[28, 35]","Best friends and train stewardesses Tess and DeeDee trade their dreary shifts on the Stank Rail for the glitzy Glamazonian Express. However, when a catastrophic Stormaganza threatens to crash the high-speed train into Celebration, Florida, the duo in coach must join forces with the snobby first-class attendants, a hot but dimwitted co-conductor, and fabulous US President Judy Gagwell to save the day.",Fear
614945,Voicemails for Isabelle,"[10749, 35, 18]","A young woman's hilariously confessional voicemails to her late sister are unknowingly redirected to a stranger, who begins to fall in love from afar.",Love
259693,The Conjuring 2,[27],Lorraine and Ed Warren travel to north London to help a single mother raising four children alone in a house plagued by malicious spirits.,Fear
578,Jaws,"[27, 53, 12]","When the seaside community of Amity finds itself under attack by a dangerous great white shark, the town's chief of police, a young marine biologist, and a grizzled shark hunter embark on a desperate quest to kill the beast before it strikes again.",Fear
109445,Frozen,"[16, 10751, 12, 14]","Young princess Anna of Arendelle dreams about finding true love at her sister Elsa’s coronation. Fate takes her on a dangerous journey in an attempt to end the eternal winter that has fallen over the kingdom. She's accompanied by ice delivery man Kristoff, his reindeer Sven, and snowman Olaf. On an adventure where she will find out what friendship, courage, family, and true love really means.",Fear
402431,Wicked,"[18, 10749, 14]","In the land of Oz, ostracized and misunderstood green-skinned Elphaba is forced to share a room with the popular aristocrat Glinda at Shiz University, and the two's unlikely friendship is tested as they begin to fulfill their respective destinies as Glinda the Good and the Wicked Witch of the West.",Sadness
301528,Toy Story 4,"[10751, 35, 16, 12]","Woody has always been confident about his place in the world, devoted to taking care of his kid—whether that's Andy or Bonnie. But after Bonnie creates a reluctant new toy called ""Forky"", a road trip adventure alongside old and new friends challenges everything Woody believes about loyalty, purpose, and what it truly means to be a toy.",Fear
769,GoodFellas,"[18, 80]","The true story of Henry Hill, a half-Irish, half-Sicilian Brooklyn kid who is adopted by neighbourhood gangsters at an early age and climbs the ranks of a Mafia family under the guidance of Jimmy Conway.",Surprise
1087192,How to Train Your Dragon,"[14, 10751, 28, 12]","On the rugged isle of Berk, where Vikings and dragons have been bitter enemies for generations, Hiccup stands apart, defying centuries of tradition when he befriends Toothless, a feared Night Fury dragon. Their unlikely bond reveals the true nature of dragons, challenging the very foundations of Viking society.",Fear
156022,The Equalizer,"[53, 28, 80]","McCall believes he has put his mysterious past behind him and dedicated himself to beginning a new, quiet life. But when he meets Teri, a young girl under the control of ultra-violent Russian gangsters, he can’t stand idly by – he has to help her. Armed with hidden skills that allow him to serve vengeance against anyone who would brutalize the helpless, McCall comes out of his self-imposed retirement and finds his desire for justice reawakened. If someone has a problem, if the odds are stacked against them, if they have nowhere else to turn, McCall will help. He is The Equalizer.",Anger
297802,Aquaman,"[28, 12, 14]","Half-human, half-Atlantean Arthur Curry is taken on the journey of his lifetime to discover if he is worth of being a king.",Surprise
1307247,OK! Madam: Bon Voyage,"[28, 35]",A family involved in a high-altitude plane rescue mission becomes embroiled in unpredictable events when they receive a mysterious invitation to a luxury cruise ship.,Sadness
447273,Snow White,"[10751, 14]","Following the benevolent King's disappearance, the Evil Queen dominated the once fair land with a cruel streak. Princess Snow White flees the castle when the Queen, in her jealousy over Snow White's inner beauty, tries to kill her. Deep into the dark woods, she stumbles upon seven magical dwarves and a young bandit named Jonathan. Together, they strive to survive the Queen's relentless pursuit and aspire to take back the kingdom.",Fear
286217,The Martian,"[878, 18, 12]","During a manned mission to Mars, Astronaut Mark Watney is presumed dead after a fierce storm and left behind by his crew. But Watney has survived and finds himself stranded and alone on the hostile planet. With only meager supplies, he must draw upon his ingenuity, wit and spirit to subsist and find a way to signal to Earth that he is alive.",Sadness
1062722,Frankenstein,"[18, 14, 27]","Dr. Victor Frankenstein, a brilliant but egotistical scientist, brings a creature to life in a monstrous experiment that ultimately leads to the undoing of both the creator and his tragic creation.",Sadness
14160,Up,"[16, 35, 10751, 12]","Carl Fredricksen spent his entire life dreaming of exploring the globe and experiencing life to its fullest. But at age 78, life seems to have passed him by, until a twist of fate (and a persistent 8-year old Wilderness Explorer named Russell) gives him a new lease on life.",Joy
1175942,The Bad Guys 2,"[10751, 35, 80, 12, 16]","The now-reformed Bad Guys are trying (very, very hard) to be good, but instead find themselves hijacked into a high-stakes, globe-trotting heist, masterminded by a new team of criminals they never saw coming: The Bad Girls.",Anger
348,Alien,"[27, 878]","During its return to the earth, commercial spaceship Nostromo intercepts a distress signal from a distant planet. When a three-member team of the crew discovers a chamber containing thousands of eggs on the planet, a creature inside one of the eggs attacks an explorer. The entire crew is unaware of the impending nightmare set to descend upon them when the alien parasite planted inside its unfortunate host is birthed.",Fear
330457,Frozen II,"[10751, 16, 12, 35, 14]","Elsa, Anna, Kristoff and Olaf head far into the forest to learn the truth about an ancient mystery of their kingdom.",Fear
1078605,Weapons,"[27, 9648]","When all but one child from the same class mysteriously vanish on the same night at exactly the same time, a community is left questioning who or what is behind their disappearance.",Fear
436270,Black Adam,"[28, 12, 878]","Nearly 5,000 years after he was bestowed with the almighty powers of the Egyptian gods—and imprisoned just as quickly—Black Adam is freed from his earthly tomb, ready to unleash his unique form of justice on the modern world.",Joy
10867,Malena,[18],"12-year-old Renato experiences three significant events on the same day: the beginning of the Second World War, getting a bike, and witnessing the arrival of the gorgeous Malèna. Through his eyes, we see the curse of beauty and loneliness of Malena, whose husband is presumed dead, and, through his soul, we see his love for her.",Sadness
1292415,Beast,"[28, 18]","MMA legend Patton James, now a commercial fisherman, is pulled back into the cage when his brother is in danger. Reuniting with his old coach Sammy, he commits to one final fight in one championship against the brutal champion Xavier Grau.",Fear
1588838,To the Max,"[18, 12]",A group of friends bonded by their love for extreme sports discovers BASE jumping in wingsuits — but feeling like flying carries the highest risks.,Joy
1632181,Accidental Partners,"[35, 10749]",Two women discover they were both scammed by the same man (who also got them pregnant). They form an alliance to take revenge.,Anger
181808,Star Wars: The Last Jedi,"[12, 28, 878]","Rey develops her newly discovered abilities with the guidance of Luke Skywalker, who is unsettled by the strength of her powers. Meanwhile, the Resistance prepares to do battle with the First Order.",Fear
38365,Grown Ups,[35],"After their high school basketball coach passes away, five good friends and former teammates reunite for a Fourth of July holiday weekend.",Joy
1279493,The Get Out,"[28, 53]","A nightclub owner is on the verge of leaving his dangerous past behind for retirement with his girlfriend. When masked gunmen rob him and he finds himself squeezed by ruthless cartels, a mysterious newcomer arrives with an interest in buying the business. With danger closing in from all sides, he must navigate a deadly web of deception, power, and survival  -  where escape may no longer be an option.",Fear
49013,Cars 2,"[16, 10751, 12, 35]",Star race car Lightning McQueen and his pal Mater head overseas to compete in the World Grand Prix race. But the road to the championship becomes rocky as Mater gets caught up in an intriguing adventure of his own: international espionage.,Fear
383498,Deadpool 2,"[28, 35, 12]",Wisecracking mercenary Deadpool battles the evil and powerful Cable and other bad guys to save a boy's life.,Fear
1236153,Mercy,"[878, 28, 53]","In the near future, a detective stands on trial accused of murdering his wife. He has ninety minutes to prove his innocence to the advanced AI Judge he once championed, before it determines his fate.",Anger
2105,American Pie,"[35, 10749]","At a high-school party, four friends find that losing their collective virginity isn't as easy as they had thought. But they still believe that they need to do so before college. To motivate themselves, they enter a pact to all ""score"" by their senior prom.",Sadness
58,Pirates of the Caribbean: Dead Man's Chest,"[12, 14, 28]","Captain Jack Sparrow’s got a blood debt to pay: he owes his soul to the legendary Davy Jones, ghastly Ruler of the Ocean Depths. To escape eternal servitude aboard the Flying Dutchman, ever-crafty Jack must track down the still-beating heart of Jones. But he won’t do it alone: Will Turner and Elizabeth Swann are drawn back into another one of his perilous quests—assuming they can evade execution for aiding a pirate.",Fear
346698,Barbie,"[35, 12, 14]","Barbie and Ken are having the time of their lives in the colorful and seemingly perfect world of Barbie Land. However, when they get a chance to go to the real world, they soon discover the joys and perils of living among humans.",Joy
216015,Fifty Shades of Grey,"[18, 10749, 53]","When college senior Anastasia Steele steps in for her sick roommate to interview prominent businessman Christian Grey for their campus paper, little does she realize the path her life will take. Christian, as enigmatic as he is rich and powerful, finds himself strangely drawn to Ana, and she to him. Though sexually inexperienced, Ana plunges headlong into an affair -- and learns that Christian's true sexual proclivities push the boundaries of pain and pleasure.",Sadness
49018,Insidious,"[27, 53]","A family discovers that dark spirits have invaded their home after their son inexplicably falls into an endless sleep. When they reach out to a professional for help, they learn things are a lot more personal than they thought.",Fear
411,"The Chronicles of Narnia: The Lion, the Witch and the Wardrobe","[12, 10751, 14]",Four kids travel through a wardrobe to the land of Narnia and learn of their destiny to free it with the guidance of a mystical lion.,Joy
1632473,"This, That and Everything in Between","[18, 10751]","A TV writer returns home to her estranged mother, igniting chaos as they navigate painful secrets and the  complexities of their dysfunctional family.",Sadness
637649,Wrath of Man,"[53, 80, 18]","A cold and mysterious new security guard for a Los Angeles cash truck company surprises his co-workers when he unleashes precision skills during a heist. The crew is left wondering who he is and where he came from. Soon, the marksman's ultimate motive becomes clear as he takes dramatic and irrevocable steps to settle a score.",Surprise
1084187,Pretty Lethal,"[28, 53, 27]",A troupe of ballerinas find themselves fighting for survival as they attempt to escape from a remote inn after their bus breaks down on the way to a dance competition.,Fear
545611,Everything Everywhere All at Once,"[28, 12, 878]","An aging Chinese immigrant is swept up in an insane adventure, where she alone can save what's important to her by connecting with the lives she could have led in other universes.",Fear
1038392,The Conjuring: Last Rites,[27],Paranormal investigators Ed and Lorraine Warren take on one last terrifying case involving mysterious entities they must confront.,Fear
572802,Aquaman and the Lost Kingdom,"[28, 12, 14]","Black Manta seeks revenge on Aquaman for his father's death. Wielding the Black Trident's power, he becomes a formidable foe. To defend Atlantis, Arthur (Aquaman) forges an alliance with his imprisoned brother. They must protect the kingdom.",Anger
744,Top Gun,"[28, 18, 10749]","For Lieutenant Pete 'Maverick' Mitchell and his friend and co-pilot Nick 'Goose' Bradshaw, being accepted into an elite training school for fighter pilots is a dream come true. But a tragedy, as well as personal demons, will threaten Pete's dreams of becoming an ace pilot.",Fear
1169537,Batwara 1947,"[28, 18, 10752]","The story of an elderly Hindu woman who refuses to leave her ancestral home in Lahore, only to have a Muslim refugee family from Lucknow allotted to her house following the events of the 1947 Partition of India and Pakistan.",Sadness
101,Léon: The Professional,"[80, 18, 28]","Léon, the top hit man in New York, has earned a rep as an effective ""cleaner"". But when his next-door neighbors are wiped out by a loose-cannon DEA agent, he becomes the unwilling custodian of 12-year-old Mathilda. Before long, Mathilda's thoughts turn to revenge, and she considers following in Léon's footsteps.",Anger
111,Scarface,"[28, 80, 18]","After getting a green card in exchange for assassinating a Cuban government official, Tony Montana stakes a claim on the drug trade in Miami. Viciously murdering anyone who stands in his way, Tony eventually becomes the biggest drug lord in the state, controlling nearly all the cocaine that comes through Miami. But increased pressure from the police, wars with Colombian drug cartels and his own drug-fueled paranoia serve to fuel the flames of his eventual downfall.",Anger
272,Batman Begins,"[18, 80, 28]","Driven by tragedy, billionaire Bruce Wayne dedicates his life to uncovering and defeating the corruption that plagues his home, Gotham City.  Unable to work within the system, he instead creates a new identity, a symbol of fear for the criminal underworld - The Batman.",Fear
1156593,Your Fault,"[18, 10749]",The love between Noah and Nick seems unwavering despite their parents' attempts to separate them. But his job and her entry into college open up their lives to new relationships that will shake the foundations of both their relationship and the Leister family itself.,Love
1417285,The Stain,"[27, 53, 10749]","When Malee, a young woman with a dark past, is drawn by fate to an apartment where she must confront haunting memories from her childhood, she encounters Pran, a botanist, a tea blending master, and the founder of a Thai floral tea brand.",Fear
866398,The Beekeeper,"[28, 80, 53]",One man's campaign for vengeance takes on national stakes after he is revealed to be a former operative of a powerful and clandestine organization known as Beekeepers.,Anger
1234731,Anaconda,"[12, 35, 27]","A group of friends facing mid-life crises head to the rainforest with the intention of remaking their favorite movie from their youth, only to find themselves in a fight for their lives against natural disasters, giant snakes and violent criminals.",Joy
1151031,Bring Her Back,[27],"Following the death of their father, a brother and sister are sent to live with a foster mother, only to learn that she is hiding a terrifying secret.",Fear
62,2001: A Space Odyssey,"[878, 9648, 12]","Humanity finds a mysterious object buried beneath the lunar surface and sets off to find its origins with the help of HAL 9000, the world's most advanced super computer.",Surprise
127585,X-Men: Days of Future Past,"[28, 12, 878]",The ultimate X-Men ensemble fights a war for the survival of the species across two time periods as they join forces with their younger selves in an epic battle that must change the past – to save our future.,Joy
425274,Now You See Me: Now You Don't,"[80, 53]","The original Four Horsemen reunite with a new generation of illusionists to take on powerful diamond heiress Veronika Vanderberg, who leads a criminal empire built on money laundering and trafficking. The new and old magicians must overcome their differences to work together on their most ambitious heist yet.",Joy
333339,Ready Player One,"[12, 28, 878]","When the creator of a popular video game system dies, a virtual contest is created to compete for his fortune.",Sadness
949,Heat,"[80, 18, 28]",Obsessive master thief Neil McCauley leads a top-notch crew on various daring heists throughout Los Angeles while determined detective Vincent Hanna pursues him without rest. Each man recognizes and respects the ability and the dedication of the other even though they are aware their cat-and-mouse game may end in violence.,Fear
1072790,Anyone but You,"[10749, 35]","After an amazing first date, Bea and Ben’s fiery attraction turns ice cold — until they find themselves unexpectedly reunited at a destination wedding in Australia. So they do what any two mature adults would do: pretend to be a couple.",Surprise
9502,Kung Fu Panda,"[28, 16, 35, 10751]","Chosen by prophecy but doubted by all, Po is an unlikely choice for the mystical title of the Dragon Warrior—a clumsy panda thrust into the world of kung fu as a deadly enemy threatens the Valley of Peace. Under reluctant guidance by Master Shifu and the Furious Five, Po must embrace who he is to unlock the power that no scroll can teach.",Fear
698687,Transformers One,"[16, 878, 12, 10751]","The untold origin story of Optimus Prime and Megatron, better known as sworn enemies, but once were friends bonded like brothers who changed the fate of Cybertron forever.",Surprise
448772,A Great Love,"[18, 35]",Two couples meet at a spa when they realize their respective suites share a bathroom.,Surprise
216919,Deseo,[18],"Eight short stories of seduction and illicit encounters between lovers, filled with humor and eroticism, which use a circular structure located in the cosmopolitan atmosphere of a colonial city of Mexico.",Joy
320288,Dark Phoenix,"[878, 28, 12]","The X-Men face their most formidable and powerful foe when one of their own, Jean Grey, starts to spiral out of control. During a rescue mission in outer space, Jean is nearly killed when she's hit by a mysterious cosmic force. Once she returns home, this force not only makes her infinitely more powerful, but far more unstable. The X-Men must now band together to save her soul and battle aliens that want to use Grey's new abilities to rule the galaxy.",Fear
4348,Pride & Prejudice,"[18, 10749]","A story of love and life among the landed English gentry during the Georgian era. Mr. Bennet is a gentleman living in Hertfordshire with his overbearing wife and five daughters, but if he dies their house will be inherited by a distant cousin whom they have never met, so the family's future happiness and security is dependent on the daughters making good marriages.",Love
429,"The Good, the Bad and the Ugly",[37],"While the Civil War rages on between the Union and the Confederacy, three men – a quiet loner, a ruthless hitman, and a Mexican bandit – comb the American Southwest in search of a strongbox containing $200,000 in stolen gold.",Anger
1240889,Teenage Sex and Death at Camp Miasma,"[35, 27, 10749]","After years of slapdash sequels and waning fandom, the Camp Miasma slasher franchise is handed over to an enthusiastic young director for resurrection. But when she visits the original's star, a now-reclusive actress shrouded in mystery, the two women fall into a blood-soaked world of desire, fear, and delirium.",Fear
77338,The Intouchables,"[18, 35]",A true story of two men who should never have met – a quadriplegic aristocrat who was injured in a paragliding accident and a young man from the projects.,Sadness
701387,Bugonia,"[878, 53, 35]","Two conspiracy obsessed young men kidnap the high-powered CEO of a major company, convinced that she is an alien intent on destroying planet Earth.",Anger
519182,Despicable Me 4,"[16, 35, 28, 878, 10751]","Gru and Lucy and their girls—Margo, Edith and Agnes—welcome a new member to the Gru family, Gru Jr., who is intent on tormenting his dad. Gru also faces a new nemesis in Maxime Le Mal and his femme fatale girlfriend Valentina, forcing the family to go on the run.",Fear
1288445,Mutiny,"[28, 53]","After witnessing his billionaire boss' murder and being framed for the crime, Cole Reed boards a cargo ship on a one-man crusade to avenge his boss' death only to discover an international conspiracy.",Sadness
786892,Furiosa: A Mad Max Saga,"[28, 878, 12]","As the world falls, young Furiosa is snatched from the Green Place of Many Mothers into the hands of a great biker horde led by the warlord Dementus. Sweeping through the wasteland, they encounter the citadel presided over by Immortan Joe. The two tyrants wage war for dominance, and Furiosa must survive many trials as she puts together the means to find her way home.",Anger
285,Pirates of the Caribbean: At World's End,"[12, 14, 28]","After losing Captain Jack Sparrow to the locker of Davy Jones, Will Turner, Elizabeth Swann, and Captain Barbossa journey to the ends of the earth to rescue him. And as the East India Trading Company tightens its grip on the seas under Lord Cutler Beckett—now in control of Davy Jones—the fate of piracy hangs by a thread. Now, they must unite the pirate lords for one final stand. But as loyalties are tested and alliances shift, each must ultimately choose where they stand in the battle for freedom on the high seas.",Anger
296096,Me Before You,"[18, 10749]","Lou Clark, a directionless 26-year-old from the English countryside, takes a job at the local castle as a caregiver and companion to a wealthy young banker, Will Traynor. Wheelchair-bound from an accident two years prior, the once adventurous Will has all but given up — that is until Lou determines to show him that life is worth living.",Sadness
93456,Despicable Me 2,"[16, 35, 10751, 878]",Gru is recruited by the Anti-Villain League to help deal with a powerful new super criminal.,Fear
1444466,Awarapan 2,"[28, 18, 10749]","Shivam returns to the crime world, where his path forward demands redemption, love, and sacrifice. As relationships deepen and conflicts intensify, every choice tests his resolve and shapes his destiny.",Fear
337167,Fifty Shades Freed,"[18, 10749]","Believing they have left behind shadowy figures from their past, newlyweds Christian and Ana fully embrace an inextricable connection and shared life of luxury. But just as she steps into her role as Mrs. Grey and he relaxes into an unfamiliar stability, new threats could jeopardize their happy ending before it even begins.",Fear
980477,Ne Zha 2,"[16, 28, 14, 12]","After a catastrophic event leaves their bodies destroyed, Ne Zha and Ao Bing are granted a fragile second chance at life. As tensions rise between the dragon clans and celestial forces, the two must undergo a series of perilous trials that will test their bond, challenge their identities, and decide the fate of both mortals and immortals.",Fear
135397,Jurassic World,"[12, 878, 53, 28]","Twenty-two years after the events of Jurassic Park, Isla Nublar now features a fully functioning dinosaur theme park, Jurassic World, as originally envisioned by John Hammond.",Joy
315162,Puss in Boots: The Last Wish,"[16, 12, 14, 35, 10751]","Puss in Boots discovers that his passion for adventure has taken its toll: He has burned through eight of his nine lives, leaving him with only one life left. Puss sets out on an epic journey to find the mythical Last Wish and restore his nine lives.",Sadness
381284,Hidden Figures,"[18, 36]","The untold story of Katherine G. Johnson, Dorothy Vaughan and Mary Jackson – brilliant African-American women working at NASA and serving as the brains behind one of the greatest operations in history – the launch of astronaut John Glenn into orbit. The visionary trio crossed all gender and race lines to inspire generations to dream big.",Joy
694,The Shining,"[27, 53]","Jack Torrance accepts a caretaker job at the Overlook Hotel, where he, along with his wife Wendy and their son Danny, must live isolated from the rest of the world for the winter. But they aren't prepared for the madness that lurks within.",Fear
260513,Incredibles 2,"[28, 12, 16, 10751]","Elastigirl springs into action to save the day, while Mr. Incredible faces his greatest challenge yet – taking care of the problems of his three children.",Fear
141052,Justice League,"[28, 12, 878]","Fuelled by his restored faith in humanity and inspired by Superman's selfless act, Bruce Wayne and Diana Prince assemble a team of metahumans consisting of Barry Allen, Arthur Curry and Victor Stone to face the catastrophic threat of Steppenwolf and the Parademons who are on the hunt for three Mother Boxes on Earth.",Fear
77,Memento,"[9648, 53]","Leonard Shelby is tracking down the man who raped and murdered his wife. The difficulty of locating his wife's killer, however, is compounded by the fact that he suffers from a rare, untreatable form of short-term memory loss. Although he can recall details of life before his accident, Leonard cannot remember what happened fifteen minutes ago, where he's going, or why.",Sadness
1719326,The Cheating Wife,[18],"Two widows who find solace in each other and eventually fall in love. But when one of their supposedly dead husbands returns home blind, they are forced to hide their forbidden affair, testing the limits of love and loyalty.",Sadness
1315303,Primate,"[27, 53]","College student Lucy and her friends spend their vacation at her family's home in Hawaii, which includes her pet chimpanzee, Ben. However, when Ben contracts rabies after being bitten by a rabid animal, the group must fight for their lives in order to avoid the now-violent chimp.",Joy
1495,Kingdom of Heaven,"[18, 28, 12, 36, 10752]","After his wife dies, a blacksmith named Balian is thrust into royalty, political intrigue and bloody holy wars during the Crusades.",Fear
801335,Girl in the Basement,"[53, 80, 10770]","Sara is a teen girl who is looking forward to her 18th birthday to move away from her controlling father Don. But before she could even blow out the candles, Don imprisons her in the basement of their home.",Anger
1097549,Babygirl,"[10749, 53]",A high-powered CEO puts her career and family on the line when she begins a torrid affair with her much younger intern.,Fear
269955,Obsessed,"[18, 10749]","A secret, passionate affair happens in the summer of 1969 between Colonel Jin Pyeong, trapped in a loveless marriage with Soo Jin, and Jong Ga Heun, the Chinese-Korean wife of Captain Kyung Woo Jin.",Love
82690,Wreck-It Ralph,"[10751, 16, 35, 12]","Wreck-It Ralph is the 9-foot-tall, 643-pound villain of an arcade video game named Fix-It Felix Jr., in which the game's titular hero fixes buildings that Ralph destroys. Wanting to prove he can be a good guy and not just a villain, Ralph escapes his game and lands in Hero's Duty, a first-person shooter where he helps the game's hero battle against alien invaders. He later enters Sugar Rush, a kart racing game set on tracks made of candies, cookies and other sweets. There, Ralph meets Vanellope von Schweetz who has learned that her game is faced with a dire threat that could affect the entire arcade, and one that Ralph may have inadvertently started.",Anger
137051,Midnight Matinee,"[27, 9648, 53, 10770]","Even though a devastating murder took place during a small town's horror film festival two years earlier, townspeople want another festival.",Fear
1433367,One Night Only,"[35, 10749]",Two love-starved strangers crash into each other on the one night of the year when single people are allowed to have sex.,Surprise
562,Die Hard,"[28, 53]","High above the city of L.A. a team of terrorists has seized a building, taken hostages, and declared war. One man has manages to escape... An off-duty cop hiding somewhere inside. He's alone, tired... and the only chance anyone has got.",Sadness
281957,The Revenant,"[37, 18, 12]","In the 1820s, a frontiersman, Hugh Glass, sets out on a path of vengeance against those who left him for dead after a bear mauling.",Anger
823219,Flow,"[12, 16, 10751, 14]","A solitary cat, displaced by a great flood, finds refuge on a boat with various species and must navigate the challenges of adapting to a transformed world together.",Sadness
920,Cars,"[16, 12, 35, 10751]","Lightning McQueen, a hotshot rookie race car driven to succeed, discovers that life is about the journey, not the finish line, when he finds himself unexpectedly detoured in the sleepy Route 66 town of Radiator Springs. On route across the country to the big Piston Cup Championship in California to compete against two seasoned pros, McQueen gets to know the town's offbeat characters.",Surprise
140607,Star Wars: The Force Awakens,"[12, 28, 878]","Thirty years after defeating the Galactic Empire, Han Solo and his allies face a new threat from the evil Kylo Ren and his army of Stormtroopers.",Fear
679,Aliens,"[28, 53, 878]","Ripley, the sole survivor of the Nostromo's deadly encounter with the monstrous Alien, returns to Earth after drifting through space in hypersleep for 57 years. Although her story is initially met with skepticism, she agrees to accompany a team of Colonial Marines back to LV-426.",Fear
137113,Edge of Tomorrow,"[28, 878]","Major Bill Cage is an officer who has never seen a day of combat when he is unceremoniously demoted and dropped into combat. Cage is killed within minutes, managing to take an alpha alien down with him. He awakens back at the beginning of the same day and is forced to fight and die again... and again - as physical contact with the alien has thrown him into a time loop.",Anger
1119449,"Good Luck, Have Fun, Don't Die","[878, 28, 35]",A 'Man from the Future' arrives at an LA diner where he must recruit the precise combination of disgruntled patrons to join him on a one-night quest to save the world from the terminal threat of a rogue artificial intelligence.,Joy
987573,Believers,[18],"On a small island somewhere near Japan, three cult members have devoted themselves to the ""Deserted Island Program"". Calling each other by rank, these people-two men and one women-have been chosen by their superiors to throw off the corrupt influence of modern society and ""purify"" themselves. But as time passes two of the members begin to give into human desire.",Anger
1390300,Over Your Dead Body,"[28, 35, 53]","A dysfunctional couple head to a remote cabin to ""reconnect"", but each has secret intentions to kill the other.",Fear
1064213,Anora,"[18, 35, 10749]","A young sex worker from Brooklyn gets her chance at a Cinderella story when she meets and impulsively marries the son of an oligarch. Once the news reaches Russia, her fairytale is threatened as his parents set out to get the marriage annulled.",Fear
629,The Usual Suspects,"[18, 80, 53]","Held in an L.A. interrogation room, Verbal Kint attempts to convince the feds that a mythic crime lord, Keyser Soze, not only exists, but was also responsible for drawing him and his four partners into a multi-million dollar heist that ended with an explosion in San Pedro harbor – leaving few survivors. Verbal lures his interrogators with an incredible story of the crime lord's almost supernatural prowess.",Fear
1340206,Tuner,"[80, 18, 53]","A gifted piano tuner's meticulous skills for tuning pianos lead him to discover an unexpected aptitude for cracking safes, turning his life upside down.",Surprise
696506,Mickey 17,"[878, 35, 12]","Unlikely hero Mickey Barnes finds himself in the extraordinary circumstance of working for an employer who demands the ultimate commitment to the job… to die, for a living.",Sadness
426063,Nosferatu,"[27, 14]","A gothic tale of obsession between a haunted young woman and the terrifying vampire infatuated with her, causing untold horror in its wake.",Fear
205596,The Imitation Game,"[36, 18, 53, 10752]","Based on the real life story of legendary cryptanalyst Alan Turing, the film portrays the nail-biting race against time by Turing and his brilliant team of code-breakers at Britain's top-secret Government Code and Cypher School at Bletchley Park, during the darkest days of World War II.",Sadness
566525,Shang-Chi and the Legend of the Ten Rings,"[28, 12, 14]",Shang-Chi must confront the past he thought he left behind when he is drawn into the web of the mysterious Ten Rings organization.,Fear
8966,Twilight,"[14, 18, 10749]","When Bella Swan moves to a small town in the Pacific Northwest, she falls in love with Edward Cullen, a mysterious classmate who reveals himself to be a 108-year-old vampire. Despite Edward's repeated cautions, Bella can't stay away from him, a fatal move that endangers her own life.",Fear
329865,Arrival,"[18, 878, 9648]","Taking place after alien crafts land around the world, an expert linguist is recruited by the military to determine whether they come in peace or are a threat.",Fear
1734,The Mummy Returns,"[12, 28, 14]","Rick and Evelyn O’Connell, along with their 8-year-old son Alex, discover the key to the legendary Scorpion King’s might: the fabled Bracelet of Anubis. Unfortunately, a newly resurrected Imhotep has designs on the bracelet as well, and isn’t above kidnapping its new bearer, Alex, to gain control of Anubis’s otherworldly army.",Fear
49051,The Hobbit: An Unexpected Journey,"[12, 14, 28]","Bilbo Baggins, a hobbit enjoying his quiet life, is swept into an epic quest by Gandalf the Grey and thirteen dwarves who seek to reclaim their mountain home from Smaug, the dragon.",Joy
115,The Big Lebowski,"[35, 80]","Jeffrey 'The Dude' Lebowski, a Los Angeles slacker who only wants to bowl and drink White Russians, is mistaken for another Jeffrey Lebowski, a wheelchair-bound millionaire, and finds himself dragged into a strange series of events involving nihilists, adult film producers, ferrets, errant toes, and large sums of money.",Surprise
949536,Kill Code,"[28, 53, 878]","North America has been divided into four main quadrants. A power-hungry corporation has taken over the conventional prison system and made criminals the new law enforcers.  The owner of that corporation, nanoscientist Eion Prescott, created a nano-virus called Onyx. Which is distributed through deadly watches to criminals. First, infecting them. Then, forcing them into eliminating each other for freedom. Who can topple the corporation's entire system from within?",Anger
1627868,Forbidden & Captivity,[10749],"The story follows Wen Hai, a 17‑year‑old boy who suddenly loses both of his parents in an accident. Because he’s underage, a court places him under the legal guardianship of his wealthy but emotionally distant half‑brother, Gu Huaizhou, whom he’s never met before. At first, Gu Huaizhou treats Wen Hai with cold indifference and even cruelty, and Wen Hai outwardly acts obedient while secretly resenting him. Over time, their relationship shifts in complicated ways — from hostility to reluctant reconciliation and then emotional and romantic tension — as they face the weight of family history, power imbalance, and taboo feelings between them.",Sadness
396535,Train to Busan,"[28, 27, 53]","When a zombie virus pushes Korea into a state of emergency, those trapped on an express train to Busan must fight for their own survival.",Fear
24,Kill Bill: Vol. 1,"[28, 80]","An assassin is shot by her ruthless employer, Bill, and other members of their assassination circle – but she lives to plot her vengeance.",Anger
615,The Passion of the Christ,[18],A graphic portrayal of the last twelve hours of Jesus of Nazareth's life.,Sadness
1567187,A Mother's Recall,[27],"A married couple welcomes young Genaro into their home through adoption. Upon his arrival, he meets his new siblings, Nuria and Samuel. But it doesn't take long for Genaro to sense that something is deeply wrong within the household. The family seems trapped under a suffocating veil of fear and despair, haunted by an unseen force. As Nuria, a troubled teenager, begins to uncover the terrifying secrets hidden within her family, she forms a powerful bond with Genaro. Together, they must face an evil presence that grows stronger each day, unleashing a chain of sinister and unsettling events.",Fear
976573,Elemental,"[16, 35, 10751, 10749]","In a city where fire, water, land and air residents live together, a fiery young woman and a go-with-the-flow guy will discover something elemental: how much they have in common.",Surprise
812583,Wake Up Dead Man: A Knives Out Mystery,"[53, 9648, 35]","When young priest Jud Duplenticy is sent to assist charismatic firebrand Monsignor Jefferson Wicks, it’s clear that all is not well in the pews. After a sudden and seemingly impossible murder rocks the town, the lack of an obvious suspect prompts local police chief Geraldine Scott to join forces with renowned detective Benoit Blanc to unravel a mystery that defies all logic.",Fear
1316092,"""Wuthering Heights""","[10749, 18]","Tragedy strikes when Heathcliff falls in love with Catherine Earnshaw, a woman from a wealthy family in 18th-century England.",Sadness
87101,Terminator Genisys,"[878, 28, 53]","The year is 2029. John Connor, leader of the resistance continues the war against the machines. At the Los Angeles offensive, John's fears of the unknown future begin to emerge when TECOM spies reveal a new plot by SkyNet that will attack him from both fronts; past and future, and will ultimately change warfare forever.",Fear
1086268,Three,[18],"Ivan and Vera are a young married couple. Both successful in their work, they live in a luxurious villa with their daughters, Petra and Vanja. Aleksandar is their best friend, an architect, as well as Vera's work colleague, who regularly spends time with Ivan and Vera. Aleksanadar and Ivan are friends from childhood, they often go out to nightclubs where Ivan leads a double life. Everything will change one day when the surprising proposal Alexander makes to Ivan does havoc in their lives.",Fear
181812,Star Wars: The Rise of Skywalker,"[12, 28, 878]","The surviving Resistance faces the First Order once again as the journey of Rey, Finn and Poe Dameron continues. With the power and knowledge of generations behind them, the final battle begins.",Sadness
1865,Pirates of the Caribbean: On Stranger Tides,"[12, 28, 14]","When Jack crosses paths with a woman from his past, he's not sure if it's love...or if she's a ruthless con artist using him to find the fabled Fountain of Youth.",Love
667538,Transformers: Rise of the Beasts,"[878, 12, 28]","When a new threat capable of destroying the entire planet emerges, Optimus Prime and the Autobots must team up with a powerful faction known as the Maximals. With the fate of humanity hanging in the balance, humans Noah and Elena will do whatever it takes to help the Transformers as they engage in the ultimate battle to save Earth.",Fear
387810,Hot Neighbors,"[18, 10749]","Unlike his expectations, Hyeong-min is always miserable because of his wife who who doesn't care about him. To recover a sex life with his wife, Hyeong-min tries every night but he's always coldly rejected and this is making him depressed. One day, he goes out for some air and meets Hye-jin. When their partners aren't at home, they spend time together at each others' house. However, soon, they get caught and they come to a decision after a long talk...",Sadness
313369,La La Land,"[35, 18, 10749]","Mia, an aspiring actress, serves lattes to movie stars in between auditions and Sebastian, a jazz musician, scrapes by playing cocktail party gigs in dingy bars, but as success mounts they are faced with decisions that begin to fray the fragile fabric of their love affair, and the dreams they worked so hard to maintain in each other threaten to rip them apart.",Fear
640,Catch Me If You Can,"[18, 80]","A true story about Frank Abagnale Jr. who, before his 19th birthday, successfully conned millions of dollars worth of checks as a Pan Am pilot, doctor, and legal prosecutor. An FBI agent makes it his mission to put him behind bars. But Frank not only eludes capture, he revels in the pursuit.",Joy
1084199,Companion,"[27, 878, 53]","During a weekend getaway at a secluded lakeside estate, a group of friends finds themselves entangled in a web of secrets, deception, and advanced technology. As tensions rise and loyalties are tested, they uncover unsettling truths about themselves and the world around them.",Fear
1250,Ghost Rider,"[53, 28, 14]","In order to save his dying father, young stunt cyclist Johnny Blaze sells his soul to Mephistopheles and sadly parts from the pure-hearted Roxanne Simpson, the love of his life. Years later, Johnny's path crosses again with Roxanne, now a go-getting reporter, and also with Mephistopheles, who offers to release Johnny's soul if Johnny becomes the fabled, fiery 'Ghost Rider'.",Sadness
1011985,Kung Fu Panda 4,"[28, 12, 16, 35, 10751, 14]","Po is gearing up to become the spiritual leader of his Valley of Peace, but also needs someone to take his place as Dragon Warrior. As such, he will train a new kung fu practitioner for the spot and will encounter a villain called the Chameleon who conjures villains from the past.",Fear
49521,Man of Steel,"[28, 12, 878]","A young boy learns that he has extraordinary powers and is not of this earth. As a young man, he journeys to discover where he came from and what he was sent here to do. But the hero in him must emerge if he is to save the world from annihilation and become the symbol of hope for all mankind.",Fear
845781,Red One,"[28, 12, 35, 14]","After Santa Claus (codename: Red One) is kidnapped, the North Pole's Head of Security must team up with the world's most infamous tracker in a globe-trotting, action-packed mission to save Christmas.",Joy
345,Eyes Wide Shut,"[18, 53, 9648]","After Dr. Bill Harford's wife, Alice, admits to having sexual fantasies about a man she met, Bill becomes obsessed with having a sexual encounter. He discovers an underground sexual group and attends one of their meetings -- and quickly discovers that he is in over his head.",Fear
829557,365 Days: This Day,"[10749, 18]","Laura and Massimo are back and hotter than ever. But the reunited couple's new beginning is complicated by Massimo’s family ties and a mysterious man who enters Laura’s life to win her heart and trust, at any cost.",Fear
288987,That Malicious Age,"[18, 10749]","Gardener Napoleone takes a job in a southern-Italian villa and quickly finds himself embroiled in a menage-a-trois with Paola and her mother, which soon leads to sex, death and mayhem.",Fear
756999,The Black Phone,"[27, 53]","Finney Blake, a shy but clever 13-year-old boy, is abducted by a sadistic killer and trapped in a soundproof basement where screaming is of little use. When a disconnected phone on the wall begins to ring, Finney discovers that he can hear the voices of the killer’s previous victims. And they are dead set on making sure that what happened to them doesn’t happen to Finney.",Fear
1571101,Evolution,"[16, 10751, 35]","When an alien substance mixes Zoe’s DNA with that of her exotic pets, a hilarious adventure begins where humans turn into animals, animals turn into humans, and everyone must come to an agreement to save the world.",Joy
599335,OK! Madam,"[35, 28]","A working class family wins a free vacation to Hawaii. But when their plane takes flight, it gets hijacked by terrorists. To save her family and the other passengers, the wife must reveal her secret past and fight back.",Fear
749170,Heads of State,"[28, 53, 35]","The UK Prime Minister and US President have a public rivalry that risks their countries' alliance. But when they become targets of a powerful enemy, they're forced to rely on each other as they go on a wild, multinational run. Allied with Noel, a brilliant MI6 agent, they must find a way to thwart a conspiracy that threatens the free world.",Fear
1204680,Coyote vs. Acme,"[35, 12, 10751]","After Acme products fail him one too many times in his dogged pursuit of the Roadrunner, Wile E. Coyote decides to hire a billboard lawyer to sue the Acme Corporation.",Anger
36648,Blade: Trinity,"[28, 27, 878]","For years, Blade has fought against the vampires in the cover of the night. But now, after falling into the crosshairs of the FBI, he is forced out into the daylight, where he is driven to join forces with a clan of human vampire hunters he never knew existed—The Nightstalkers. Together with Abigail and Hannibal, two deftly trained Nightstalkers, Blade follows a trail of blood to the ancient creature that is also hunting him—the original vampire, Dracula.",Fear
1321008,Black Box,"[27, 53]","A routine domestic flight turns into the flight from hell through a series of inexplicable phenomena and raw terror. Surreal encounters blur the boundaries between reality and nightmare. Passengers fight against all the odds in an attempt to survive while combating bizarre technological malfunctions, accelerating supernatural events and alien influences.",Fear
1035259,The Naked Gun,"[35, 80, 28]","Only one man has the particular set of skills... to lead Police Squad and save the world: Lt. Frank Drebin Jr. Following in his father's footsteps, he must solve a murder case to prevent Police Squad from closure.",Fear
630,The Wizard of Oz,"[12, 14, 10751]","Young Dorothy finds herself in a magical world where she makes friends with a lion, a scarecrow and a tin man as they make their way along the yellow brick road to talk with the Wizard and ask for the things they miss most in their lives. The Wicked Witch of the West is the only thing that could stop them.",Joy
546554,Knives Out,"[35, 80, 9648]","When renowned crime novelist Harlan Thrombey is found dead at his estate just after his 85th birthday, the inquisitive and debonair Detective Benoit Blanc is mysteriously enlisted to investigate. From Harlan's dysfunctional family to his devoted staff, Blanc sifts through a web of red herrings and self-serving lies to uncover the truth behind Harlan's untimely death.",Sadness
75656,Now You See Me,"[53, 80]",An FBI agent and an Interpol detective track a team of illusionists who pull off bank heists during their performances and reward their audiences with the money.,Fear
1619815,17,[18],"Seventeen-year-old Sara is hiding a secret on a school trip. When the trip spirals out of control and Sara witnesses a classmate’s sexual assault, she and the girl seal a bond that will last forever.",Fear
420818,The Lion King,"[12, 18, 10751, 16]","Simba idolizes his father, King Mufasa, and takes to heart his own royal destiny. But not everyone in the kingdom celebrates the new cub's arrival. Scar, Mufasa's brother—and former heir to the throne—has plans of his own. The battle for Pride Rock is ravaged with betrayal, tragedy and drama, ultimately resulting in Simba's exile. With help from a curious pair of newfound friends, Simba will have to figure out how to grow up and take back what is rightfully his.",Sadness
290098,The Handmaiden,"[53, 18, 10749]","1930s Korea, in the period of Japanese occupation, a new girl, Sook-hee, is hired as a handmaiden to a Japanese heiress, Hideko, who lives a secluded life on a large countryside estate with her domineering Uncle Kouzuki. But the maid has a secret. She is a pickpocket recruited by a swindler posing as a Japanese Count to help him seduce the Lady to steal her fortune.",Fear
603692,John Wick: Chapter 4,"[28, 53, 80]","With the price on his head ever increasing, John Wick uncovers a path to defeating The High Table. But before he can earn his freedom, Wick must face off against a new enemy with powerful alliances across the globe and forces that turn old friends into foes.",Anger
118340,Guardians of the Galaxy,"[28, 878, 12]","Light years from Earth, 26 years after being abducted, Peter Quill finds himself the prime target of a manhunt after discovering an orb wanted by Ronan the Accuser.",Surprise
297762,Wonder Woman,"[28, 12, 14]",An Amazon princess comes to the world of Man in the grips of the First World War to confront the forces of evil and bring an end to human conflict.,Sadness
363088,Ant-Man and the Wasp,"[28, 12, 878]","Just when his time under house arrest is about to end, Scott Lang once again puts his freedom at risk to help Hope van Dyne and Dr. Hank Pym dive into the quantum realm and try to accomplish, against time and any chance of success, a very dangerous rescue mission.",Fear
979,Irreversible,"[18, 53, 80]",A woman’s lover and her ex-boyfriend take justice into their own hands after she becomes the victim of a rapist. Because some acts can’t be undone. Because man is an animal. Because the desire for vengeance is a natural impulse. Because most crimes remain unpunished.,Anger
263115,Logan,"[28, 18, 878]","In the near future, a weary Logan cares for an ailing Professor X in a hideout on the Mexican border. But Logan's attempts to hide from the world and his legacy are upended when a young mutant arrives, pursued by dark forces.",Fear
785084,The Whale,[18],A reclusive English teacher suffering from severe obesity attempts to reconnect with his estranged teenage daughter for one last chance at redemption.,Sadness
68726,Pacific Rim,"[28, 878, 12]","Using massive piloted robots to combat the alien threat, earth's survivors take the fight to the invading alien force lurking in the depths of the Pacific Ocean. Nearly defenseless in the face of the relentless enemy, the forces of mankind have no choice but to turn to two unlikely heroes who now stand as earth's final hope against the mounting apocalypse.",Fear
1595852,Boulevard,"[10749, 18]","New city, new life, and an unexpected encounter with Luke-a boy fueled by adrenaline and haunted by demons. Despite the warnings, Hasley can't stay away. In their 'boulevard,' they find a raw, liberating love. But as his past threatens to destroy them both, Hasley faces a heartbreaking choice: can you save someone who isn't ready to be rescued?",Sadness
1698575,"Snoopy Presents: There's No Place Like Home, Snoopy","[16, 10751]","When Snoopy's beloved doghouse goes missing, he tries to track it down, and learns what makes a house feel like home.",Sadness
1228246,Five Nights at Freddy's 2,"[27, 53]","One year since the supernatural nightmare at Freddy Fazbear's Pizza, the stories about what transpired there have been twisted into a campy local legend, inspiring the town's first ever Fazfest. With the truth kept from her, Abby sneaks out to reconnect with Freddy, Bonnie, Chica, and Foxy, setting into motion a terrifying series of events that will reveal dark secrets about the real origin of Freddy's, and unleash a decades-hidden horror.",Fear
1359,American Psycho,"[53, 18, 80]","A wealthy New York investment banking executive hides his alternate psychopathic ego from his co-workers and friends as he escalates deeper into his illogical, gratuitous fantasies.",Anger
1291595,Insidious: Out of the Further,"[27, 53]","Gemma, a young mother raising her daughter in the house she grew up in, discovers she can travel into The Further, where she possesses an ability to bring what lives there back to the real world.",Surprise
870028,The Accountant²,"[9648, 80, 53]","When an old acquaintance is murdered, Wolff is compelled to solve the case. Realizing more extreme measures are necessary, Wolff recruits his estranged and highly lethal brother, Brax, to help. In partnership with Marybeth Medina, they uncover a deadly conspiracy, becoming targets of a ruthless network of killers who will stop at nothing to keep their secrets buried.",Fear
1477317,Your Fault: London,"[10749, 18]","Nick and Noah are both embarking on life-changing adventures that are threatening to pull them apart—Nick in business with his father and Noah starting a fresh chapter at Oxford University. Now living separate lives, and meeting new people, they find themselves entangled in temptations, rivalries, and betrayals and their bond is tested like never before. As secrets unravel and temptation rises, they must fight to hold onto each other—or risk losing everything.",Fear
273481,Sicario,"[28, 80, 53]",An idealistic FBI agent is enlisted by a government task force to aid in the escalating war against drugs at the border area between the U.S. and Mexico.,Anger
1058424,Hope,"[878, 9648, 28]","In the remote South Korean village of Hope Harbor, police chief Bum-seok and officer Sung-ae are called to investigate a mysterious creature wreaking havoc on the community. But all is not as it seems, and perceptions can be misleading. What begins as ignorance plants the seed of disaster, escalating through human conflict into a tragedy of cosmic proportions.",Sadness
78,Blade Runner,"[878, 18, 53]","In the smog-choked dystopian Los Angeles of 2019, blade runner Rick Deckard is called out of retirement to terminate a quartet of replicants who have escaped to Earth seeking their creator for a way to extend their short life spans.",Sadness
298618,The Flash,"[28, 878, 12]","When his attempt to save his family inadvertently alters the future, Barry Allen becomes trapped in a reality in which General Zod has returned and there are no Super Heroes to turn to. In order to save the world that he is in and return to the future that he knows, Barry's only hope is to race for his life. But will making the ultimate sacrifice be enough to reset the universe?",Fear
419430,Get Out,"[9648, 53, 27]","Chris and his girlfriend Rose go upstate to visit her parents for the weekend. At first, Chris reads the family's overly accommodating behavior as nervous attempts to deal with their daughter's interracial relationship, but as the weekend progresses, a series of increasingly disturbing discoveries lead him to a truth that he never could have imagined.",Fear
858024,Hamnet,"[18, 10749]","The powerful story of love and loss that inspired the creation of Shakespeare's timeless masterpiece, Hamlet.",Love
359724,Ford v Ferrari,"[18, 36, 28]","American car designer Carroll Shelby and the British-born driver Ken Miles work together to battle corporate interference, the laws of physics, and their own personal demons to build a revolutionary race car for Ford Motor Company and take on the dominating race cars of Enzo Ferrari at the 24 Hours of Le Mans in France in 1966.",Anger
533533,TRON: Ares,"[878, 12, 28]","A highly sophisticated Program called Ares is sent from the digital world into the real world on a dangerous mission, marking humankind's first encounter with A.I. beings.",Fear
254128,San Andreas,"[28, 18, 53]","In the aftermath of a massive earthquake in California, a rescue-chopper pilot makes a dangerous journey across the state in order to rescue his estranged daughter.",Fear
843527,The Idea of You,"[10402, 35, 10749, 18]","40-year-old single mom Solène begins an unexpected romance with 24-year-old Hayes Campbell, the lead singer of August Moon, the hottest boy band on the planet. As they begin a whirlwind romance, it isn't long before Hayes' superstar status poses unavoidable challenges to their relationship, and Solène soon discovers that life in the glare of his spotlight might be more than she bargained for.",Surprise
507086,Jurassic World Dominion,"[12, 878, 53, 28]","Four years after Isla Nublar was destroyed, dinosaurs now live—and hunt—alongside humans all over the world. This fragile balance will reshape the future and determine, once and for all, whether human beings are to remain the apex predators on a planet they now share with history's most fearsome creatures.",Fear
425,Ice Age,"[16, 35, 10751, 12]","Manny the mammoth, Sid the loquacious sloth, and Diego the sabre-toothed tiger go on a comical quest to return a human baby back to his father, across a world on the brink of an ice age.",Joy
1538273,Pyaar Prema Kalyanam,"[10749, 35]","Influencer Pavi refuses to leave her family home after marriage, so husband Elan moves in instead. Culture clashes and family chaos ensue as the newlyweds navigate their unconventional setup and challenge who defines their happiness.",Fear
853033,Adultery Alumni Association 2,"[18, 10749]","Hye Jin, Hee Kyung, and Han Hee who are among the high school alumni. They met at the alumni meeting and heard that the male alumni who did not have a chance to study during their school days were greatly successful as an investment company. And after seeing the settlement a few days later, I am happy to share my memories, but in fact, their purpose (?) Is separate. They are difficult to afford, and they want to get help from Zhengzhou. Since then, Zhengzhou has been enjoying the love of female alumni.",Joy
70981,Prometheus,"[878, 9648, 27]","A team of explorers discover a clue to the origins of mankind on Earth, leading them on a journey to the darkest corners of the universe. There, they must fight a terrifying battle to save the future of the human race.",Fear
604,The Matrix Reloaded,"[12, 28, 53, 878]","The Resistance builds in numbers as humans are freed from the Matrix and brought to the city of Zion. Neo discovers his superpowers, including the ability to see the code inside the Matrix. With machine sentinels digging to Zion in 72 hours, Neo, Morpheus and Trinity must find the Keymaker to ultimately reach the Source.",Joy
762509,Mufasa: The Lion King,"[12, 10751, 16]","Mufasa, a cub lost and alone, meets a sympathetic lion named Taka, the heir to a royal bloodline. The chance meeting sets in motion an expansive journey of a group of misfits searching for their destiny.",Sadness
345940,The Meg,"[28, 878, 27]","A deep sea submersible pilot revisits his past fears in the Mariana Trench, and accidentally unleashes the seventy foot ancestor of the Great White Shark believed to be extinct.",Surprise
541671,Ballerina,"[28, 53, 80]","Taking place during the events of John Wick: Chapter 3 – Parabellum, Eve Macarro begins her training in the assassin traditions of the Ruska Roma.",Anger
615777,Babylon,"[18, 35]","A tale of outsized ambition and outrageous excess, tracing the rise and fall of multiple characters in an era of unbridled decadence and depravity during Hollywood's transition from silent films to sound films in the late 1920s.",Sadness
637,Life Is Beautiful,"[35, 18]",A touching story of an Italian book seller of Jewish ancestry who lives in his own little fairy tale. His creative and happy life would come to an abrupt halt when his entire family is deported to a concentration camp during World War II. While locked up he tries to convince his son that the whole thing is just a game.,Sadness
810,Shrek the Third,"[14, 12, 16, 35, 10751]","After the King of Far Far Away dies, Shrek and Fiona are to succede. However, Shrek wants to return to his cozy swamp and live in peace and quiet, so when he finds out there is another heir to the throne, he and Donkey set off to bring him back to rule the kingdom.",Sadness
73861,A Serbian Film,"[80, 27, 53]","Retired porn star Milos leads a normal family life trying to make ends meet. Presented with the opportunity of a lifetime to financially support his family for the rest of their lives, Milos must participate in one last mysterious film. From then on, Milos is drawn into a maelstrom of unbelievable cruelty and mayhem.",Fear
81774,Exploits of a Young Don Juan,"[35, 18]","In 1914, sixteen year old Roger returned home from boarding school during vacation to find his puberty hit hard in a house filled with beautiful women. These women have previous engagements with other men who are away, and during this time, Roger impregnates them all, including his aunt and sister, then devises plans to cuckold the men.",Joy
72190,World War Z,"[28, 27, 878]","Life for former United Nations investigator Gerry Lane and his family seems content. Suddenly, the world is plagued by a mysterious infection turning whole human populations into rampaging mindless zombies. After barely escaping the chaos, Lane is persuaded to go on a mission to investigate this disease. What follows is a perilous trek around the world where Lane must brave horrific dangers and long odds to find answers before human civilization falls.",Fear
359410,Road House,"[28, 53, 18]","Ex-UFC fighter Dalton takes a job as a bouncer at a Florida Keys roadhouse, only to discover that this paradise is not all it seems.",Surprise
137106,The Lego Movie,"[16, 10751, 12, 35, 14]","An ordinary Lego mini-figure, mistakenly thought to be the extraordinary MasterBuilder, is recruited to join a quest to stop an evil Lego tyrant from conquering the universe.",Surprise
324552,John Wick: Chapter 2,"[28, 53, 80]","John Wick is forced out of retirement by a former associate looking to seize control of a shadowy international assassins’ guild. Bound by a blood oath to aid him, Wick travels to Rome and does battle against some of the world’s most dangerous killers.",Fear
1771,Captain America: The First Avenger,"[28, 12, 878]","During World War II, Steve Rogers is a sickly man from Brooklyn who's transformed into super-soldier Captain America to aid in the war effort. Rogers must stop the Red Skull – Adolf Hitler's ruthless head of weaponry, and the leader of an organization that intends to use a mysterious device of untold powers for world domination.",Sadness
120467,The Grand Budapest Hotel,"[35, 18]","The Grand Budapest Hotel tells of a legendary concierge at a famous European hotel between the wars and his friendship with a young employee who becomes his trusted protégé. The story involves the theft and recovery of a priceless Renaissance painting, the battle for an enormous family fortune and the slow and then sudden upheavals that transformed Europe during the first half of the 20th century.",Fear
47971,xXx: Return of Xander Cage,"[28, 12, 80]","Xander Cage is left for dead after an incident, though he secretly returns to action for a new, tough assignment with his handler Augustus Gibbons.",Sadness
74,War of the Worlds,"[12, 53, 878]","Ray Ferrier is a divorced dockworker and less-than-perfect father. Soon after his ex-wife and her new husband drop off his teenage son and young daughter for a rare weekend visit, a strange and powerful lightning storm touches down.",Surprise
214756,Ted 2,"[35, 14]","Newlywed couple Ted and Tami-Lynn want to have a baby, but in order to qualify to be a parent, Ted will have to prove he's a person in a court of law.",Sadness
950,Ice Age: The Meltdown,"[16, 10751, 35, 12]","Diego, Manny and Sid return in this sequel to the hit animated movie Ice Age. This time around, the deep freeze is over, and the ice-covered earth is starting to melt, which will destroy the trio's cherished valley. The impending disaster prompts them to reunite and warn all the other beasts about the desperate situation.",Fear
1003598,Avengers: Secret Wars,"[878, 28, 12]",An upcoming film in Phase Six of the Marvel Cinematic Universe (MCU) and the finale of The Multiverse Saga.,Sadness
680493,Return to Silent Hill,"[27, 9648]","When James receives a mysterious letter from his lost love Mary, he is drawn to Silent Hill—a once-familiar town now consumed by darkness. As he searches for her, James faces monstrous creatures and unravels a terrifying truth that will push him to the edge of his sanity.",Fear
1891,The Empire Strikes Back,"[12, 28, 878]","The epic saga continues as Luke Skywalker, in hopes of defeating the evil Galactic Empire, learns the ways of the Jedi from aging master Yoda. But Darth Vader is more determined than ever to capture Luke. Meanwhile, rebel leader Princess Leia, cocky Han Solo, Chewbacca, and droids C-3PO and R2-D2 are thrown into various stages of capture, betrayal and despair.",Fear
3933,Corpse Bride,"[10749, 14, 16]","In a 19th-century European village, a young man about to be married is whisked away to the underworld and wed to a mysterious corpse bride, while his real bride waits bereft in the land of the living.",Fear
539,Psycho,"[27, 53, 9648]","When larcenous real estate clerk Marion Crane goes on the lam with a wad of cash and hopes of starting a new life, she ends up at the notorious Bates Motel, where manager Norman Bates cares for his housebound mother.",Sadness
1141970,Morte Cucina,"[53, 18]","Sao, a talented cook, accidentally meets the man who took advantage of her in the past. She sets her revenge plan in motion using her cooking skill to achieve a rather unexpected result.",Surprise
72105,Ted,"[35, 14]","John Bennett, a man whose childhood wish of bringing his teddy bear to life came true, now must decide between keeping the relationship with the bear or his girlfriend, Lori.",Love
1470130,The Mortuary Assistant,"[27, 9648]","Rebecca Owens, a recent mortuary science graduate takes a night shift job at River Fields Mortuary. Initially, the job seems straightforward — embalming bodies, completing paperwork, and keeping things tidy. But once Rebecca starts working the night shift, things take a dark turn.",Fear
1064028,Subservience,"[27, 878, 53]","With his wife out sick, a struggling father brings home a lifelike AI, only to have his self-aware new help want everything her new family has to offer... Like the affection of her owner and she'll kill to get it.",Anger
954,Mission: Impossible,"[12, 28, 53]","When Ethan Hunt, the leader of a crack espionage team whose perilous operation has gone awry with no explanation, discovers that a mole has penetrated the CIA, he's surprised to learn that he's the prime suspect. To clear his name, Hunt now must ferret out the real double agent and, in the process, even the score.",Surprise
917496,Beetlejuice Beetlejuice,"[35, 14]","After a family tragedy, three generations of the Deetz family return home to Winter River. Still haunted by Betelgeuse, Lydia's life is turned upside down when her teenage daughter, Astrid, accidentally opens the portal to the Afterlife.",Sadness
13475,Star Trek,"[878, 28, 12]","The fate of the galaxy rests in the hands of bitter rivals. One, James Kirk, is a delinquent, thrill-seeking Iowa farm boy. The other, Spock, a Vulcan, was raised in a logic-based society that rejects all emotion. As fiery instinct clashes with calm reason, their unlikely but powerful partnership is the only thing capable of leading their crew through unimaginable danger, boldly going where no one has gone before. The human adventure has begun again.",Anger
1716513,Extreme Makeover: Homer Edition,"[16, 35, 10751]","Homer and Marge's fun couples' date night goes off the rails when Marge learns Homer left the kids unsupervised with only the doorbell camera as a babysitter. Frustrated with her imperfect husband, a tipsy Marge stirs up a trilogy of fantasies of a different Homer.",Anger
438148,Minions: The Rise of Gru,"[16, 35, 878, 80, 10751]","A fanboy of a supervillain supergroup known as the Vicious 6, Gru hatches a plan to become evil enough to join them, with the backup of his followers, the Minions.",Fear
609681,The Marvels,"[878, 12, 28]","When her duties send her to an anomalous wormhole linked to a Kree revolutionary, Carol's powers become entangled with that of Jersey City super-fan Kamala Khan, aka Ms. Marvel, and Carol's estranged niece, now S.A.B.E.R. astronaut Captain Monica Rambeau. Together, this unlikely trio must team up and learn to work in concert to save the universe.",Joy
10144,The Little Mermaid,"[16, 10751, 14]",This colorful adventure tells the story of an impetuous mermaid princess named Ariel who falls in love with the very human Prince Eric and puts everything on the line for the chance to be with him. Memorable songs and characters -- including the villainous sea witch Ursula.,Love
103,Taxi Driver,"[80, 18]","Suffering from insomnia, disturbed loner Travis Bickle takes a job as a New York City cabbie, haunting the streets nightly, growing increasingly detached from reality as he dreams of cleaning up the filthy city.",Fear
577922,Tenet,"[28, 53, 878]","Armed with only one word - Tenet - and fighting for the survival of the entire world, the Protagonist journeys through a twilight world of international espionage on a mission that will unfold in something beyond real time.",Fear
718930,Bullet Train,"[28, 35, 53]","Unlucky assassin Ladybug is determined to do his job peacefully after one too many gigs gone off the rails. Fate, however, may have other plans, as Ladybug's latest mission puts him on a collision course with lethal adversaries from around the globe—all with connected, yet conflicting, objectives—on the world's fastest train.",Sadness
1002398,Virgin,"[18, 10749]","Iris, an 18-year old virgin marries Joaquin, a rich widower, because of money. However, when he learns that Iris is not really a virgin, their honeymoon turns to a bloodbath.",Fear
1257009,Primitive War,"[28, 27, 10752, 878]","During the Vietnam War, a recon unit ventures to an isolated jungle valley to uncover the fate of a missing platoon. They soon find themselves in a fight for their lives against an unexpected enemy — prehistoric dinosaurs.",Surprise
91586,Insidious: Chapter 2,"[27, 53]",The haunted Lambert family seeks to uncover the mysterious childhood secret that has left them dangerously connected to the spirit world.,Fear
36647,Blade,"[27, 28]","The Daywalker known as ""Blade"" - a half-vampire, half-mortal man - becomes the protector of humanity against an underground army of vampires.",Anger
7220,The Punisher,"[28, 80, 18]","When undercover FBI agent Frank Castle's wife and son are slaughtered, he becomes 'the Punisher' -- a ruthless vigilante willing to go to any length to avenge his family.",Anger
128,Princess Mononoke,"[12, 14, 16]","Ashitaka, a prince of the disappearing Emishi people, is cursed by a demonized boar god and must journey to the west to find a cure. Along the way, he encounters San, a young human woman fighting to protect the forest, and Lady Eboshi, who is trying to destroy it. Ashitaka must find a way to bring balance to this conflict.",Fear
530385,Midsommar,"[27, 18, 9648]","Several friends travel to Sweden to study as anthropologists a summer festival that is held every ninety years in the remote hometown of one of them. What begins as a dream vacation in a place where the sun never sets, gradually turns into a dark nightmare as the mysterious inhabitants invite them to participate in their disturbing festive activities.",Fear
9820,The Parent Trap,"[35, 10751, 10749]","Hallie Parker and Annie James are identical twins who were separated at a young age due to their parents' divorce. Unbeknownst to their parents, the girls are sent to the same summer camp, where they meet, discover the truth about their relationship, and come up with a plan to switch places in an effort to reunite their mother and father.",Sadness
6977,No Country for Old Men,"[80, 53, 37]","Llewelyn Moss stumbles upon dead bodies, $2 million and a hoard of heroin in a Texas desert, but methodical killer Anton Chigurh comes looking for it, with local sheriff Ed Tom Bell hot on his trail. The roles of prey and predator blur as the violent pursuit of money and justice collide.",Fear
85,Raiders of the Lost Ark,"[12, 28]","When Dr. Indiana Jones – the tweed-suited professor who just happens to be a celebrated archaeologist – is hired by the government to locate the legendary Ark of the Covenant, he finds himself up against the entire Nazi regime.",Anger
1327862,Regretting You,"[10749, 18]","Morgan Grant and her daughter Clara explore what's left behind after a devastating accident reveals a shocking betrayal and forces them to confront family secrets, redefine love, and rediscover each other.",Love
466272,Once Upon a Time... in Hollywood,"[35, 18, 53]","Los Angeles, 1969. TV star Rick Dalton, a struggling actor specializing in westerns, and stuntman Cliff Booth, his best friend, try to survive in a constantly changing movie industry. Dalton is the neighbor of the young and promising actress and model Sharon Tate, who has just married the prestigious Polish director Roman Polanski…",Sadness
1671548,Dear You,"[18, 10751, 35]","Xiaowei travels to Thailand to find his ""billionaire grandfather"" who is out of contact due to debt problems, but unexpectedly find the one who has been corresponding with his grandmother for years is not her husband.",Surprise
809,Shrek 2,"[16, 35, 10751, 14, 10749]","Happily ever after never seemed so far far away when a trip to meet the in-laws turns into a hilariously twisted adventure for Shrek and Fiona. With the help of ever-faithful Donkey, Shrek takes on the potion-brewing Fairy Godmother, pompous Prince Charming, and infamous ogre-killer Puss In Boots.",Joy
8078,Alien Resurrection,"[878, 27, 28]","Two hundred years after Lt. Ripley died, a group of scientists clone her, hoping to breed the ultimate weapon. But the new Ripley is full of surprises … as are the new aliens. Ripley must team with a band of smugglers to keep the creatures from reaching Earth.",Surprise
338953,Fantastic Beasts: The Secrets of Dumbledore,"[14, 12]","Professor Albus Dumbledore knows the powerful, dark wizard Gellert Grindelwald is moving to seize control of the wizarding world. Unable to stop him alone, he entrusts magizoologist Newt Scamander to lead an intrepid team of wizards and witches. They soon encounter an array of old and new beasts as they clash with Grindelwald's growing legion of followers.",Fear
447332,A Quiet Place,"[27, 18, 878]",A family is forced to live in silence while hiding from creatures that hunt by sound.,Fear
106,Predator,"[878, 28, 12, 53]",A team of elite commandos on a secret mission in a Central American jungle come to find themselves hunted by an extraterrestrial warrior.,Fear
1318413,Pressure,"[53, 36, 10752]","In the tense 72 hours before D-Day, and the fate of the free world hanging in the balance, General Dwight D. Eisenhower and Captain James Stagg face an impossible choice—launch the largest and most dangerous seaborne invasion in history or risk losing the war altogether.",Fear
1100782,Smile 2,"[27, 9648]","About to embark on a new world tour, global pop sensation Skye Riley begins experiencing increasingly terrifying and inexplicable events. Overwhelmed by the escalating horrors and the pressures of fame, Skye is forced to face her dark past to regain control of her life before it spirals out of control.",Fear
335983,Venom,"[878, 28]","Investigative journalist Eddie Brock attempts a comeback following a scandal, but accidentally becomes the host of Venom, a violent, super powerful alien symbiote. Soon, he must rely on his newfound powers to protect the world from a shadowy organization looking for a symbiote of their own.",Fear
1292695,They Will Kill You,"[28, 35, 27]","A woman answers a help wanted ad to be a housekeeper in a mysterious New York City high-rise, unaware that she is entering a community that has seen a number of disappearances over the years and may be under the grip of a Satanic cult.",Fear
98894,Jessica,"[35, 18, 10749]","When the men of a Sicilian village start obsessing over ravishing blonde midwife Jessica, angry females revolt by refusing to have sex with their husbands. As the local priest tries to encourage procreation, Jessica falls for a tricky recluse.",Anger
1317149,I Swear,"[18, 36]","Diagnosed with Tourette Syndrome at 15, John Davidson navigates his way against the odds through troubled teenage years and into adulthood, finding inspiration in the kindness of others to discover his true purpose in life.",Sadness
10020,Beauty and the Beast,"[10749, 10751, 16, 14]","Follow the adventures of Belle, a bright young woman who finds herself in the castle of a prince who's been turned into a mysterious beast. With the help of the castle's enchanted staff, Belle soon learns the most important lesson of all -- that true beauty comes from within.",Joy
49444,Kung Fu Panda 2,"[16, 10751, 35, 28]","Po is finally living the dream as the Dragon Warrior—until a shadow from his past comes roaring back. When the ruthless peacock Lord Shen unleashes a devastating new weapon used to wipe out kung fu masters across the land, Po and the Furious Five race across China to put an end to his plans. But if Po is to have any hope of stopping him, he must first confront the truth of his origins—and find inner peace before his past tears him apart.",Fear
8363,Superbad,[35],Two co-dependent high school seniors are forced to deal with separation anxiety after their plan to stage a booze-soaked party goes awry.,Sadness
1294203,My Fault: London,"[18, 10749]","18-year-old Noah moves from America to London, with her mother who's recently fallen in love with William, a wealthy British businessman. Noah meets William’s son, bad-boy Nick, and soon discovers there is an attraction between them neither can avoid. As Noah spends the summer adjusting to her new life, her devastating past will catch up with her while falling in love for the first time.",Sadness
137,Groundhog Day,"[10749, 14, 35]","A cynical TV weatherman, along with his idealistic producer and his sardonic cameraman, is sent to report on Groundhog Day in the small town of Punxsutawney, where he finds himself repeating the same day over and over.",Anger
80785,Amazon Jail,"[53, 12, 28]","Young women in the Amazon are kidnapped by a ring of devil-worshipers, who plan to sell them as sex slaves. Some of the women escape, but are pursued into the jungle by their captors. The women must band together to turn the tables on their kidnappers.",Fear
598,City of God,"[18, 80]","In the poverty-stricken favelas of Rio de Janeiro in the 1970s, two young men choose different paths. Rocket is a budding photographer who documents the increasing drug-related violence of his neighborhood, while José “Zé” Pequeno is an ambitious drug dealer diving into a dangerous life of crime.",Fear
4247,Scary Movie,[35],"A familiar-looking group of teenagers find themselves being stalked by a more-than-vaguely recognizable masked killer! As the victims begin to pile up and the laughs pile on, none of your favorite scary movies escape the razor-sharp satire of this outrageously funny parody!",Fear
43947,I Spit on Your Grave,"[53, 80, 27]","A beautiful woman from the city, Jennifer Hills, rents an isolated cabin in the country to write her latest novel. Soon, a group of local lowlifes subject her to a nightmare of degradation, rape, and violence.",Fear
311,Once Upon a Time in America,"[18, 80]","A former Prohibition-era Jewish gangster returns to the Lower East Side of Manhattan over thirty years later, where he once again must confront the ghosts and regrets of his old life.",Sadness
568124,Encanto,"[16, 35, 10751, 14]","The tale of an extraordinary family, the Madrigals, who live hidden in the mountains of Colombia, in a magical house, in a vibrant town, in a wondrous, charmed place called an Encanto. The magic of the Encanto has blessed every child in the family—every child except one, Mirabel. But when she discovers that the magic surrounding the Encanto is in danger, Mirabel decides that she, the only ordinary Madrigal, might just be her exceptional family's last hope.",Fear
1363974,That Time I Got Reincarnated as a Slime the Movie: Tears of the Azure Sea,"[16, 14, 12, 35]","After concluding the opening ceremony of the Demon Kingdom Federation Tempest, Rimuru and his companions are invited by the Celestial Emperor Hermesia of the great elven nation – the Magi Dynasty Salion – to visit her private resort island. As the group enjoys their brief vacation, a mysterious woman named Yura appears. A new incident unfolds against the backdrop of the boundless azure sea.",Joy
991494,The SpongeBob Movie: Search for SquarePants,"[12, 16, 35, 10751, 14]","Desperate to be a big guy, SpongeBob sets out to prove his bravery to Mr. Krabs by following The Flying Dutchman – a mysterious swashbuckling ghost pirate – on a seafaring adventure that takes him to the deepest depths of the deep sea, where no Sponge has gone before.",Joy
466420,Killers of the Flower Moon,"[80, 36, 18]","When oil is discovered in 1920s Oklahoma under Osage Nation land, the Osage people are murdered one by one—until the FBI steps in to unravel the mystery.",Sadness
38,Eternal Sunshine of the Spotless Mind,"[878, 18, 10749]","Joel Barish, heartbroken that his girlfriend underwent a procedure to erase him from her memory, decides to do the same. However, as he watches his memories of her fade away, he realises that he still loves her, and may be too late to correct his mistake.",Sadness
474350,It Chapter Two,"[27, 53, 18]","27 years after overcoming the malevolent supernatural entity Pennywise, the former members of the Losers' Club, who have grown up and moved away from Derry, are brought back together by a devastating phone call.",Sadness
35,The Simpsons Movie,"[16, 35, 10751]","After Homer accidentally pollutes the town's water supply, Springfield is encased in a gigantic dome by the EPA and the Simpsons are declared fugitives.",Sadness
1892,Return of the Jedi,"[12, 28, 878]","Luke Skywalker leads a mission to rescue his friend Han Solo from the clutches of Jabba the Hutt, the Emperor prepares to crush the Rebellion with a more powerful Death Star, and the Rebel fleet mounts a massive attack on the space station. Luke Skywalker confronts Darth Vader in a final climactic duel before the evil Emperor.",Fear
1091,The Thing,"[27, 9648, 878]",A research team in Antarctica is hunted by a shape-shifting alien that assumes the appearance of its victims.,Fear
150689,Cinderella,"[10749, 14, 10751, 18]","When her father unexpectedly passes away, young Ella finds herself at the mercy of her cruel stepmother and her daughters. Never one to give up hope, Ella's fortunes begin to change after meeting a dashing stranger in the woods.",Sadness
1585,It's a Wonderful Life,"[18, 10751, 14]","George Bailey has spent his entire life giving to the people of Bedford Falls.  All that prevents rich skinflint Mr. Potter from taking over the entire town is George's modest building and loan company.  But on Christmas Eve the business's $8,000 is lost and George's troubles begin.",Sadness
131631,The Hunger Games: Mockingjay - Part 1,"[878, 12, 53]","After surviving the Quarter Quell, Katniss finds herself in the hidden stronghold of District 13, where the rebellion against the Capitol is gaining momentum. Struggling with the weight of becoming the symbol of resistance, she must navigate fragile alliances while trying to protect those she loves. As propaganda battles rage and Panem moves closer to full-scale war, Katniss is forced to confront the true cost of revolution.",Sadness
398818,Call Me by Your Name,"[10749, 18]","In the summer of 1983, a 17-year-old Elio spends his days in his family's villa in Italy. One day Oliver, a graduate student, arrives to assist Elio's father, a professor of Greco-Roman culture. Soon, Elio and Oliver discover a summer that will alter their lives forever.",Joy
340102,The New Mutants,"[878, 27]","Five young mutants, just discovering their abilities while held in a secret facility against their will, fight to escape their past sins and save themselves.",Sadness
588228,The Tomorrow War,"[28, 878, 12]","The world is stunned when a group of time travelers arrive from the year 2051 to deliver an urgent message: Thirty years in the future, mankind is losing a global war against a deadly alien species. The only hope for survival is for soldiers and civilians from the present to be transported to the future and join the fight. Among those recruited is high school teacher and family man Dan Forester. Determined to save the world for his young daughter, Dan teams up with a brilliant scientist and his estranged father in a desperate quest to rewrite the fate of the planet.",Surprise
1125257,Freakier Friday,"[35, 14, 10751]","Years after Tess and Anna endured an identity crisis, Anna now has a daughter of her own and a soon-to-be stepdaughter. As they navigate the myriad challenges that come when two families merge, Tess and Anna discover lightning might indeed strike twice.",Fear
1301310,Zombies of the Third Reich,"[27, 36]","During WW2, a group of assembled allied forces are sent to a secret nuclear bunker occupied by Nazi Germany to  uncover the operations of what's been occurring there. But when they discover the bunker is infested with rabid, zombie, super-humans in a nuclear testing operation gone wrong, they must destroy every last one in hopes of survival.",Fear
792307,Poor Things,"[878, 10749, 35]","Brought back to life by an unorthodox scientist, a young woman runs off with a lawyer on a whirlwind adventure across the continents. Free from the prejudices of her times, she grows steadfast in her purpose to stand for equality and liberation.",Joy
746036,The Fall Guy,"[28, 35, 10749]","Fresh off an almost career-ending accident, stuntman Colt Seavers has to track down a missing movie star, solve a conspiracy and try to win back the love of his life while still doing his day job.",Sadness
12155,Alice in Wonderland,"[10751, 14, 12]","Alice, now 19 years old, returns to the whimsical world she first entered as a child and embarks on a journey to discover her true destiny.",Joy
454626,Sonic the Hedgehog,"[28, 878, 35, 10751]","Powered with incredible speed, Sonic The Hedgehog embraces his new home on Earth. That is, until Sonic sparks the attention of super-uncool evil genius Dr. Robotnik. Now it’s super-villain vs. super-sonic in an all-out race across the globe to stop Robotnik from using Sonic’s unique power for world domination.",Joy
653346,Kingdom of the Planet of the Apes,"[878, 12, 28]","Several generations following Caesar's reign, apes – now the dominant species – live harmoniously while humans have been reduced to living in the shadows. As a new tyrannical ape leader builds his empire, one young ape undertakes a harrowing journey that will cause him to question all he's known about the past and to make choices that will define a future for apes and humans alike.",Fear
1539104,JUJUTSU KAISEN: Execution,"[16, 28, 14]","A veil abruptly descends over the busy Shibuya area amid the bustling Halloween crowds, trapping countless civilians inside. Satoru Gojo, the strongest jujutsu sorcerer, steps into the chaos. But lying in wait are curse users and spirits scheming to seal him away. Yuji Itadori, accompanied by his classmates and other top-tier jujutsu sorcerers, enters the fray in an unprecedented clash of curses — the Shibuya Incident. In the aftermath, ten colonies across Japan are transformed into dens of curses in a plan orchestrated by Noritoshi Kamo. As the deadly Culling Game starts, Special Grade sorcerer Yuta Okkotsu is assigned to carry out Yuji's execution for his perceived crimes. A compilation movie of Shibuya Incident including the first two episodes of the Culling Games arc.",Fear
614479,Insidious: The Red Door,"[27, 53]","To put their demons to rest once and for all, Josh Lambert and a college-aged Dalton Lambert must go deeper into The Further than ever before, facing their family's dark past and a host of new and more horrifying terrors that lurk behind the red door.",Fear
76757,Jupiter Ascending,"[878, 14, 28]","In a universe where human genetic material is the most precious commodity, an impoverished young Earth woman becomes the key to strategic maneuvers and internal strife within a powerful dynasty…",Sadness
1087891,The Amateur,"[53, 28]","After his life is turned upside down when his wife is killed in a London terrorist attack, a brilliant but introverted CIA decoder takes matters into his own hands when his supervisors refuse to take action.",Sadness
10591,The Girl Next Door,"[35, 10749]","Exceptionally ambitious high schooler Matthew has aspirations for a career in politics when he falls in love with his gorgeous 19-year-old neighbor, Danielle. But Matthew's bright future is jeopardized when he finds Danielle was once a porn star. As Danielle's past catches up with her, Matthew's love for her forces him to re-evaluate his goals.",Love
188927,Star Trek Beyond,"[28, 12, 878]","The USS Enterprise crew explores the furthest reaches of uncharted space, where they encounter a mysterious new enemy who puts them and everything the Federation stands for to the test.",Surprise
119450,Dawn of the Planet of the Apes,"[878, 28, 18, 53]","A group of scientists in San Francisco struggle to stay alive in the aftermath of a plague that is wiping out humanity, while Caesar tries to maintain dominance over his community of intelligent apes.",Sadness
118,Charlie and the Chocolate Factory,"[12, 35, 10751, 14]","A young boy wins a tour through the most magnificent chocolate factory in the world, led by the world's most unusual candy maker.",Joy
985939,Fall,[53],"For best friends Becky and Hunter, life is all about conquering fears and pushing limits. But after they climb 2,000 feet to the top of a remote, abandoned radio tower, they find themselves stranded with no way down. Now Becky and Hunter's expert climbing skills will be put to the ultimate test as they desperately fight to survive the elements, a lack of supplies, and vertigo-inducing heights.",Fear
161,Ocean's Eleven,"[53, 80]","Less than 24 hours into his parole, charismatic thief Danny Ocean is already rolling out his next plan: In one night, Danny's hand-picked crew of specialists will attempt to steal more than $150 million from three Las Vegas casinos. But to score the cash, Danny risks his chances of reconciling with ex-wife, Tess.",Sadness
999136,Do Not Enter,[27],"A group of young explorers investigates an old abandoned hotel, only to encounter a strange supernatural being and a competing group looking for a legendary hidden treasure.",Surprise
293167,Kong: Skull Island,"[28, 12, 14]","Explore the mysterious and dangerous home of the king of the apes as a team of explorers ventures deep inside the treacherous, primordial island.",Fear
209112,Batman v Superman: Dawn of Justice,"[28, 12, 14]","Fearing the actions of a god-like Super Hero left unchecked, Gotham City’s own formidable, forceful vigilante takes on Metropolis’s most revered, modern-day savior, while the world wrestles with what sort of hero it really needs. And with Batman and Superman at war with one another, a new threat quickly arises, putting mankind in greater danger than it’s ever known before.",Fear
18239,The Twilight Saga: New Moon,"[12, 14, 18, 10749]","Forks, Washington resident Bella Swan is reeling from the departure of her vampire love, Edward Cullen, and finds comfort in her friendship with Jacob Black, a werewolf. But before she knows it, she's thrust into a centuries-old conflict, and her desire to be with Edward at any cost leads her to take greater and greater risks.",Fear
318846,The Big Short,"[35, 18]",The men who made millions from a global economic meltdown.,Anger
926393,The Equalizer 3,"[28, 53, 80]","Robert McCall finds himself at home in Southern Italy but he discovers his friends are under the control of local crime bosses. As events turn deadly, McCall knows what he has to do: become his friends' protector by taking on the mafia.",Fear
280092,Insidious: Chapter 3,"[27, 53]",A prequel set before the haunting of the Lambert family that reveals how gifted psychic Elise Rainier reluctantly agrees to use her ability to contact the dead in order to help a teenage girl who has been targeted by a dangerous supernatural entity.,Fear
423108,The Conjuring: The Devil Made Me Do It,"[27, 9648, 53]","Paranormal investigators Ed and Lorraine Warren encounter what would become one of the most sensational cases from their files. The fight for the soul of a young boy takes them beyond anything they'd ever seen before, to mark the first time in U.S. history that a murder suspect would claim demonic possession as a defense.",Anger
1232449,Young Hearts,"[18, 10749]","14-year-old Elias increasingly feels like an outsider in his village. When he meets his new neighbour of the same age, Alexander, Elias is confronted with his burgeoning sexuality.",Fear
772,Home Alone 2: Lost in New York,"[35, 10751, 12]","Instead of flying to Florida with his folks, Kevin ends up alone in New York, where he gets a hotel room with his dad's credit card—despite problems from a clerk and meddling bellboy. But when Kevin runs into his old nemeses, the Wet Bandits, he's determined to foil their plans to rob a toy store on Christmas Eve.",Fear
670,Oldboy,"[53, 9648]","With no clue how he came to be imprisoned, drugged and tortured for 15 years, a desperate man seeks revenge on his captors.",Anger
10674,Mulan,"[16, 10751, 12]","When Imperial China calls one man from every family to defend the empire from invading Huns, a young woman disguises herself as a soldier to take her ailing father’s place. Facing ruthless invaders, brutal training, and the risk of execution if discovered, she must decide who she truly is— and what she’s willing to fight for.",Anger
126889,Alien: Covenant,"[27, 878]","The crew of the colony ship Covenant, bound for a remote planet on the far side of the galaxy, discovers what they think is an uncharted paradise but is actually a dark, dangerous world.",Fear
14161,2012,"[28, 12, 878]","Dr. Adrian Helmsley, part of a worldwide geophysical team investigating the effect on the earth of radiation from unprecedented solar storms, learns that the earth's core is heating up. He warns U.S. President Thomas Wilson that the crust of the earth is becoming unstable and that without proper preparations for saving a fraction of the world's population, the entire race is doomed. Meanwhile, writer Jackson Curtis stumbles on the same information. While the world's leaders race to build ""arks"" to escape the impending cataclysm, Curtis struggles to find a way to save his family. Meanwhile, volcanic eruptions and earthquakes of unprecedented strength wreak havoc around the world.",Fear
1402,The Pursuit of Happyness,[18],A struggling salesman takes custody of his son as he's poised to begin a life-changing professional career.,Sadness
360920,The Grinch,"[16, 35, 10751, 14]",The Grinch hatches a scheme to ruin Christmas when the residents of Whoville plan their annual holiday celebration. But a certain little who might change things.,Anger
1387382,Hunting Season,"[28, 18, 53]","When a reclusive survivalist and his daughter rescue a mysterious, wounded woman from a river, they become entangled in a deadly web of violence and revenge, forcing them to confront a brutal criminal to survive.",Fear
10494,Perfect Blue,"[16, 53]","Rising pop star Mima Kirigoe quits singing to pursue a career as an actress. After she takes up a role on a popular detective show, her handlers and collaborators begin turning up murdered. Harboring feelings of guilt and haunted by visions of her former self, Mima's reality and fantasy meld into a frenzied paranoia.",Sadness
1893,Star Wars: Episode I - The Phantom Menace,"[12, 28, 878]","Anakin Skywalker, a young slave strong with the Force, is discovered on Tatooine. Meanwhile, the evil Sith have returned, enacting their plot for revenge against the Jedi.",Anger
745,The Sixth Sense,"[9648, 53, 18]","Following an unexpected tragedy, child psychologist Malcolm Crowe meets a nine year old boy named Cole Sear, who is hiding a dark secret.",Sadness
142,Brokeback Mountain,"[18, 10749]","In 1960s Wyoming, two men develop a strong emotional and sexual relationship that endures as a lifelong connection complicating their lives as they get married and start families of their own.",Love
37799,The Social Network,[18],"In 2003, Harvard undergrad and computer programmer Mark Zuckerberg begins work on a new concept that eventually turns into the global social network known as Facebook. Six years later, Mark is one of the youngest billionaires ever, but his unprecedented success leads to both personal and legal complications when he ends up on the receiving end of two lawsuits, one involving his former friend.",Sadness
1007734,Nobody 2,"[28, 53, 35, 80]","Former assassin Hutch Mansell takes his family on a nostalgic vacation to a small-town theme park, only to be pulled back into violence when they clash with a corrupt operator, a crooked sheriff, and a ruthless crime boss.",Fear
9738,Fantastic Four,"[28, 14, 878]","During a space voyage, four scientists are altered by cosmic rays: Reed Richards gains the ability to stretch his body; Sue Storm can become invisible; Johnny Storm controls fire; and Ben Grimm is turned into a super-strong … thing. Together, these ""Fantastic Four"" must now thwart the evil plans of Dr. Doom and save the world from certain destruction.",Fear
2251,Unfaithful,"[53, 18, 10749]",A New York suburban couple's marriage goes dangerously awry when the wife indulges in an adulterous fling.,Fear
270303,It Follows,"[27, 9648]",A young woman is followed by an unknown supernatural force after a sexual encounter.,Fear
953,Madagascar,"[12, 16, 35, 10751]",Four animal friends get a taste of the wild life when they break out of captivity at the Central Park Zoo and wash ashore on the island of Madagascar.,Joy
423,The Pianist,"[18, 10752]","The true story of pianist Władysław Szpilman's experiences in Warsaw during the Nazi occupation. When the Jews of the city find themselves forced into a ghetto, Szpilman finds work playing in a café; and when his family is deported in 1942, he stays behind, works for a while as a laborer, and eventually goes into hiding in the ruins of the war-torn city.",Sadness
1170608,Dune: Part Three,"[878, 12]",Emperor Paul Atreides faces the fallout from his ascent to power as political plots and a galaxy-wide holy war endanger the future only he can see.,Fear
1193501,Whistle,"[27, 9648]","When a misfit group of unwitting high school students stumbles upon a cursed Aztec Death Whistle, they discover that blowing it unleashes a terrifying sound that summons their future deaths to hunt them down.",Fear
329505,Lola's Secret,"[18, 35, 27]",A young man's dreams come true when the sexy new maid seduces him. But she has a secret that leads to trouble.,Fear
27,9 Songs,"[18, 10402, 10749]","Matt, a young glaciologist, soars across the vast, silent, icebound immensities of the South Pole as he recalls his love affair with Lisa. They meet at a mobbed rock concert in a vast music hall - London's Brixton Academy. They are in bed at night's end. Together, over a period of several months, they pursue a mutual sexual passion whose inevitable stages unfold in counterpoint to nine live-concert songs.",Love
140300,Kung Fu Panda 3,"[16, 28, 12, 35, 10751]","While Po and his father are visiting a secret panda village, an evil spirit threatens all of China, forcing Po to form a ragtag army to fight back.",Fear
1246049,Dracula,"[27, 14, 10749]","In late 15th-century Eastern Europe, Prince Vlad II’s bride is brutally murdered. As a result, he renounces God and damns Heaven itself. Cursed with eternal life, Vlad is reborn as Dracula, an immortal warlord who defies fate in a blood-soaked crusade to wrench his lost love back from death.",Sadness
550988,Free Guy,"[35, 12, 878]","A bank teller discovers he is actually a background player in an open-world video game, and decides to become the hero of his own story. Now, in a world where there are no limits, he is determined to be the guy who saves his world his way before it's too late.",Joy
1217505,You're Dating a Narcissist!,"[35, 10749]","An outspoken psychologist, burnt by love, takes an emergency trip to Los Angeles with her best friend to talk her smitten daughter out of marrying a man she is convinced is a narcissist.",Sadness
1545621,Detective Conan: Fallen Angel of the Highway,"[16, 28, 9648, 80]","When a string of deadly highway incidents begin, Conan Edogawa's investigations point towards an orchestrated plot rather than mere accidents. As he uncovers a conspiracy involving hidden identities and advanced technology, the case escalates into a high-speed race against time to stop a calculating mastermind before more lives are lost.",Fear
1114513,Speak No Evil,"[27, 53]","When an American family is invited to spend the weekend at the idyllic country estate of a charming British family they befriended on vacation, what begins as a dream holiday soon warps into a snarled psychological nightmare.",Fear
259316,Fantastic Beasts and Where to Find Them,"[14, 12]","In 1926, Newt Scamander arrives at the Magical Congress of the United States of America with a magically expanded briefcase, which houses a number of dangerous creatures and their habitats. When the creatures escape from the briefcase, it sends the American wizarding authorities after Newt, and threatens to strain even further the state of magical and non-magical relations.",Fear
580489,Venom: Let There Be Carnage,"[878, 28, 12]","After finding a host body in investigative reporter Eddie Brock, the alien symbiote must face a new enemy, Carnage, the alter ego of serial killer Cletus Kasady.",Fear
593643,The Menu,"[35, 27]","A young couple travels to a remote island to eat at an exclusive restaurant where the chef has prepared a lavish menu, with some shocking surprises.",Surprise
1242332,Normal,"[28, 80, 53]","An unassuming substitute sheriff with a troubled past responds to a bank robbery in a small, sleepy town and unknowingly uncovers something far more explosive.",Fear
493922,Hereditary,"[27, 9648, 53]","Following the death of the Leigh family matriarch, Annie and her children uncover disturbing secrets about their heritage. Their daily lives are not only impacted, but they also become entangled in a chilling fate from which they cannot escape, driving them to the brink of madness.",Fear
6479,I Am Legend,"[18, 878, 53]","Robert Neville is a scientist who was unable to stop the spread of the terrible virus that was incurable and man-made. Immune, Neville is now the last human survivor in what is left of New York City and perhaps the world. For three years, Neville has faithfully sent out daily radio messages, desperate to find any other survivors who might be out there. But he is not alone.",Sadness
512200,Jumanji: The Next Level,"[12, 35, 14]","As the gang return to Jumanji to rescue one of their own, they discover that nothing is as they expect. The players will have to brave parts unknown and unexplored in order to escape the world’s most dangerous game.",Fear
11544,Lilo & Stitch,"[16, 10751, 35, 878]","As Stitch, a runaway genetic experiment from a faraway planet, wreaks havoc on the Hawaiian Islands, he becomes the mischievous adopted alien ""puppy"" of an independent little girl named Lilo and learns about loyalty, friendship, and ʻohana, the Hawaiian tradition of family.",Fear
1241436,Warfare,"[10752, 28]","A platoon of Navy SEALs embarks on a dangerous mission in Ramadi, Iraq, with the chaos and brotherhood of war retold through their memories of the event.",Joy
613504,After We Collided,"[18, 10749]",Tessa finds herself struggling with her complicated relationship with Hardin; she faces a dilemma that could change their lives forever.,Sadness
278154,Ice Age: Collision Course,"[12, 16, 10751, 35, 878]","Set after the events of Continental Drift, Scrat's epic pursuit of his elusive acorn catapults him outside of Earth, where he accidentally sets off a series of cosmic events that transform and threaten the planet. To save themselves from peril, Manny, Sid, Diego, and the rest of the herd leave their home and embark on a quest full of thrills and spills, highs and lows, laughter and adventure while traveling to exotic new lands and locations.",Fear
2501,The Bourne Identity,"[28, 9648, 53]","Wounded to the brink of death and suffering from amnesia, Jason Bourne is rescued at sea by a fisherman. With nothing to go on but a Swiss bank account number, he starts to reconstruct his life, but finds that many people he encounters want him dead. However, Bourne realizes that he has the combat and mental skills of a world-class spy—but who does he work for?",Sadness
537915,After,"[18, 10749]","Tessa Young is a dedicated student, dutiful daughter and loyal girlfriend to her high school sweetheart. Entering her first semester of college, Tessa's guarded world opens up when she meets Hardin Scott, a mysterious and brooding rebel who makes her question all she thought she knew about herself -- and what she wants out of life.",Love
791373,Zack Snyder's Justice League,"[28, 12, 14]","Determined to ensure Superman's ultimate sacrifice was not in vain, Bruce Wayne aligns forces with Diana Prince with plans to recruit a team of metahumans to protect the world from an approaching threat of catastrophic proportions.",Fear
10625,Mean Girls,"[18, 35]","Cady Heron is a hit with The Plastics, the A-list girl clique at her new school, until she makes the mistake of falling for Aaron Samuels, the ex-boyfriend of alpha Plastic Regina George.",Joy
242582,Nightcrawler,"[80, 18, 53]","When Lou Bloom, desperate for work, muscles into the world of L.A. crime journalism, he blurs the line between observer and participant to become the star of his own story. Aiding him in his effort is Nina, a TV-news veteran.",Fear
639988,No Other Choice,"[35, 80, 53]","After being laid off and humiliated by a ruthless job market, a veteran paper mill manager descends into violence in a desperate bid to reclaim his dignity.",Anger
399566,Godzilla vs. Kong,"[28, 878, 12]","In a time when monsters walk the Earth, humanity’s fight for its future sets Godzilla and Kong on a collision course that will see the two most powerful forces of nature on the planet collide in a spectacular battle for the ages.",Fear
1408208,Exit 8,"[27, 9648, 53]","A man trapped in an endless sterile subway passageway sets out to find Exit 8. The rules of his quest are simple: do not overlook anything out of the ordinary. If you discover an anomaly, turn back immediately. If you don’t, carry on. Then leave from Exit 8. But even a single oversight will send him back to the beginning. Will he ever reach his goal and escape this infinite corridor?",Anger
162,Edward Scissorhands,"[14, 18, 10749]",A small suburban town receives a visit from a castaway unfinished science experiment named Edward.,Joy
460465,Mortal Kombat,"[28, 14, 12]","Washed-up MMA fighter Cole Young, unaware of his heritage, and hunted by Emperor Shang Tsung's best warrior, Sub-Zero, seeks out and trains with Earth's greatest champions as he prepares to stand against the enemies of Outworld in a high stakes battle for the universe.",Fear
1259102,Eternity,"[10749, 35, 18]","In an afterlife where souls have one week to decide where to spend eternity, Joan is faced with the impossible choice between the man she spent her life with and her first love, who died young and has waited decades for her to arrive.",Sadness
490132,Green Book,"[18, 35, 36]","Tony Lip, a bouncer in 1962, is hired to drive pianist Don Shirley on a tour through the Deep South in the days when African Americans, forced to find alternate accommodations and services due to segregation laws below the Mason-Dixon Line, relied on a guide called The Negro Motorist Green Book.",Anger
185,A Clockwork Orange,"[878, 80]","In a near-future Britain, young Alexander DeLarge and his pals get their kicks beating and raping anyone they please. When not destroying the lives of others, Alex swoons to the music of Beethoven. The state, eager to crack down on juvenile crime, gives an incarcerated Alex the option to undergo an invasive procedure that'll rob him of all personal agency. In a time when conscience is a commodity, can Alex change his tune?",Fear
591,The Da Vinci Code,"[53, 9648]","A murder in Paris’ Louvre Museum and cryptic clues in some of Leonardo da Vinci’s most famous paintings lead to the discovery of a religious mystery. For 2,000 years a secret society closely guards information that — should it come to light — could rock the very foundations of Christianity.",Fear
1029575,The Family Plan,"[28, 35, 12]","Dan Morgan is many things: a devoted husband, a loving father, a celebrated car salesman. He's also a former assassin. And when his past catches up to his present, he's forced to take his unsuspecting family on a road trip unlike any other.",Love
823464,Godzilla x Kong: The New Empire,"[28, 12, 878]","Following their explosive showdown, Godzilla and Kong must reunite against a colossal undiscovered threat hidden within our world, challenging their very existence – and our own.",Fear
1656220,23 000 Lives,[18],A group of young people sets sail for the Mediterranean to save the lives of refugees — a mission that puts their ideas of law and justice to the test.,Sadness
57800,Ice Age: Continental Drift,"[16, 35, 12, 10751]","Manny, Diego, and Sid embark upon another adventure after their continent is set adrift. Using an iceberg as a ship, they encounter sea creatures and battle pirates as they explore a new world.",Joy
100402,Captain America: The Winter Soldier,"[28, 12, 878]","After the cataclysmic events in New York with The Avengers, Steve Rogers, aka Captain America is living quietly in Washington, D.C. and trying to adjust to the modern world. But when a S.H.I.E.L.D. colleague comes under attack, Steve becomes embroiled in a web of intrigue that threatens to put the world at risk. Joining forces with the Black Widow, Captain America struggles to expose the ever-widening conspiracy while fighting off professional assassins sent to silence him at every turn. When the full scope of the villainous plot is revealed, Captain America and the Black Widow enlist the help of a new ally, the Falcon. However, they soon find themselves up against an unexpected and formidable enemy—the Winter Soldier.",Fear
245891,John Wick,"[28, 53]",Ex-hitman John Wick comes out of retirement to track down the gangsters that took everything from him.,Sadness
109418,Grown Ups 2,[35],"Lenny has relocated his family back to the small town where he and his friends grew up. This time around, the grown ups are the ones learning lessons from their kids on a day notoriously full of surprises—the last day of school.",Surprise
451156,Infidelity in Suburbia,"[53, 10770]","With her husband away at work, and her son at school, Laura dreams of a home-renovation project to supplant her restless days. Elliott, her irresistibly hot private contractor, soon fulfills her more forbidden dreams.",Sadness
15121,The Sound of Music,"[18, 10751, 10402, 10749]","In the years before World War II, a tomboyish postulant at an Austrian abbey is hired as a governess in the home of a widowed naval captain with seven children and brings a new love of life and music into the home.",Love
1659155,The Truthers,"[53, 18, 9648]","After her mother's sudden death, Ruth returns to her hometown and reunites with her father, whose odd behavior makes her question what really happened.",Sadness
190859,American Sniper,"[10752, 28]","U.S. Navy SEAL Chris Kyle takes his sole mission—protect his comrades—to heart and becomes one of the most lethal snipers in American history. His pinpoint accuracy not only saves countless lives but also makes him a prime target of insurgents. Despite grave danger and his struggle to be a good husband and father to his family back in the States, Kyle serves four tours of duty in Iraq. However, when he finally returns home, he finds that he cannot leave the war behind.",Fear
1330021,Remarkably Bright Creatures,"[18, 9648]","Through unlikely bonds formed during night shifts at a local aquarium, Tova, an elderly widow, learns of a life-changing discovery that may bring her joy and wonder once again.",Joy
10882,Sleeping Beauty,"[14, 16, 10749, 10751]","Cursed to die by the evil fairy Maleficent when she was a baby, Princess Aurora is sent into hiding under protection from three good fairies. As she grows up far away, Maleficent becomes increasingly determined to seal the princess's fate.",Fear
273248,The Hateful Eight,"[18, 9648, 37]",Bounty hunters seek shelter from a raging blizzard and get caught up in a plot of betrayal and deception.,Fear
915935,Anatomy of a Fall,"[53, 9648, 80]","A woman is suspected of her husband's murder, and their blind son faces a moral dilemma as the sole witness.",Sadness
109428,Evil Dead,[27],"Mia, a drug addict, is determined to kick the habit. To that end, she asks her brother, David, his girlfriend, Natalie and their friends Olivia and Eric to accompany her to their family's remote forest cabin to help her through withdrawal. Eric finds a mysterious Book of the Dead at the cabin and reads aloud from it, awakening an ancient demon. All hell breaks loose when the malevolent entity possesses Mia.",Fear
853,Enemy at the Gates,"[10752, 36]",A Russian and a German sniper play a game of cat-and-mouse during the Battle of Stalingrad in WWII.,Joy
27578,The Expendables,"[53, 12, 28]","Barney Ross leads a band of highly skilled mercenaries including knife enthusiast Lee Christmas, a martial arts expert Yin Yang, heavy weapons specialist Hale Caesar, demolitionist Toll Road, and a loose-cannon sniper Gunner Jensen. When the group is commissioned by the mysterious Mr. Church to assassinate the dictator of a small South American island, Barney and Lee visit the remote locale to scout out their opposition and discover the true nature of the conflict engulfing the city.",Joy
941,Lethal Weapon,"[28, 53, 80]",A veteran cop and an unstable detective become partners who must put their differences aside in order to bring down a heroin-smuggling ring run by ex-Special Forces.,Anger
447277,The Little Mermaid,"[12, 10751, 14, 10749]","The youngest of King Triton’s daughters, and the most defiant, Ariel longs to find out more about the world beyond the sea, and while visiting the surface, falls for the dashing Prince Eric. With mermaids forbidden to interact with humans, Ariel makes a deal with the evil sea witch, Ursula, which gives her a chance to experience life on land, but ultimately places her life – and her father’s crown – in jeopardy.",Fear
11770,Shaolin Soccer,"[28, 35]",A young Shaolin follower reunites with his discouraged brothers to form a soccer team using their martial art skills to their advantage.,Joy
331482,Little Women,"[18, 10749]",Four sisters come of age in America in the aftermath of the Civil War.,Sadness
615173,The Witch: Part 2. The Other One,"[28, 9648, 53, 878]","A girl wakes up in a huge secret laboratory, then accidentally meets another girl who is trying to protect her house from a gang. The mystery girl overthrows the gang with her unexpected powers, and laboratory staff set out to find her.",Surprise
57158,The Hobbit: The Desolation of Smaug,"[14, 12, 28]","The Dwarves, Bilbo and Gandalf have successfully escaped the Misty Mountains, and Bilbo has gained the One Ring. They all continue their journey to get their gold back from the Dragon, Smaug.",Joy
321612,Beauty and the Beast,"[10751, 14, 10749]",A live-action adaptation of Disney's version of the classic tale of a cursed prince and a beautiful young woman who helps him break the spell.,Love
75780,Jack Reacher,"[80, 18, 53, 28]","One morning in an ordinary town, five people are shot dead in a seemingly random attack. All evidence points to a single suspect: an ex-military sniper who is quickly brought into custody. The interrogation yields one written note: 'Get Jack Reacher!'. Reacher, an enigmatic ex-Army investigator, believes the authorities have the right man but agrees to help the sniper's defense attorney. However, the more Reacher delves into the case, the less clear-cut it appears. So begins an extraordinary chase for the truth, pitting Jack Reacher against an unexpected enemy, with a skill for violence and a secret to keep.",Fear
766507,Prey,"[53, 28, 878]","When danger threatens her camp, the fierce and highly skilled Comanche warrior Naru sets out to protect her people. But the prey she stalks turns out to be a highly evolved alien predator with a technically advanced arsenal.",Fear
1579,Apocalypto,"[28, 18, 36]","Set in the Mayan civilization, when a man's idyllic presence is brutally disrupted by a violent invading force, he is taken on a perilous journey to a world ruled by fear and oppression where a harrowing end awaits him. Through a twist of fate and spurred by the power of his love for his woman and his family he will make a desperate break to return home and to ultimately save his way of life.",Fear
8467,Dumb and Dumber,[35],"Lloyd and Harry are two men whose stupidity is really indescribable. When Mary, a beautiful woman, loses an important suitcase with money before she leaves for Aspen, the two friends (who have found the suitcase) decide to return it to her. After some ""adventures"" they finally get to Aspen where, using the lost money they live it up and fight for Mary's heart.",Love
197,Braveheart,"[28, 18, 36, 10752]","Enraged at the slaughter of Murron, his new bride and childhood love, Scottish warrior William Wallace slays a platoon of the local English lord's soldiers. This leads the village to revolt and, eventually, the entire country to rise up against English rule.",Love
646380,Don't Look Up,"[35, 878, 18]",Two astronomers go on a media tour to warn humankind of a planet-killing comet hurtling toward Earth. The response from a distracted world: Meh.,Fear
170,28 Days Later,"[27, 53, 878]","Twenty-eight days after a killer virus was accidentally unleashed from a British research facility, a small group of London survivors are caught in a desperate struggle to protect themselves from the infected. Carried by animals and humans, the virus turns those it infects into homicidal maniacs -- and it's absolutely impossible to contain.",Fear
15512,Monsters vs Aliens,"[16, 10751, 12, 878]","When Susan Murphy is unwittingly clobbered by a meteor full of outer space gunk on her wedding day, she mysteriously grows to 49-feet-11-inches. The military jumps into action and captures Susan, secreting her away to a covert government compound. She is renamed Ginormica and placed in confinement with a ragtag group of Monsters...",Fear
1472951,Infiltrate,"[28, 53]","In a city overrun by crime, government Agent Lily Chen is forced to choose between her duty and her family when her husband is kidnapped, and she’s blackmailed into assassinating high-level criminals to save him. As she delves deeper into the criminal underworld, Lily’s relentless pursuit of justice unravels a web of corruption, leading to a final, life-altering decision that will change her world forever.",Fear
62177,Brave,"[12, 16, 10751, 14]","In the mystical Scottish Highlands, Merida is the princess of a kingdom ruled by King Fergus and Queen Elinor. An unruly daughter and an accomplished archer, Merida one day defies a sacred custom of the land and inadvertently brings turmoil to the kingdom. In an attempt to set things right, Merida seeks out an eccentric old Wise Woman and is granted an ill-fated wish. Also figuring into Merida's quest — and serving as comic relief — are the kingdom's three lords: the enormous Lord MacGuffin, the surly Lord Macintosh, and the disagreeable Lord Dingwall.",Sadness
510,One Flew Over the Cuckoo's Nest,[18],"A petty criminal fakes insanity to serve his sentence in a mental ward rather than prison. He soon finds himself as a leader to the other patients—and an enemy to the cruel, domineering nurse who runs the ward.",Anger
661539,A Complete Unknown,"[18, 10402]","New York, early 1960s. Against the backdrop of a vibrant music scene and tumultuous cultural upheaval, an enigmatic 19-year-old from Minnesota arrives in the West Village with his guitar and revolutionary talent, destined to change the course of American music.",Surprise
575264,Mission: Impossible - Dead Reckoning Part One,"[28, 12, 53]","Ethan Hunt and his IMF team embark on their most dangerous mission yet: To track down a terrifying new weapon that threatens all of humanity before it falls into the wrong hands. With control of the future and the world's fate at stake and dark forces from Ethan's past closing in, a deadly race around the globe begins. Confronted by a mysterious, all-powerful enemy, Ethan must consider that nothing can matter more than his mission—not even the lives of those he cares about most.",Fear
840705,Blink Twice,"[27, 9648, 53]","When tech billionaire Slater King meets cocktail waitress Frida at his fundraising gala, he invites her to join him and his friends on a dream vacation on his private island. But despite the epic setting, beautiful people, ever-flowing champagne, and late-night dance parties, Frida can sense that there’s something sinister hiding beneath the island’s lush façade.",Fear
875828,Peaky Blinders: The Immortal Man,"[80, 18]","After his estranged son gets embroiled in a Nazi plot, self-exiled gangster Tommy Shelby must return to Birmingham to save his family — and his nation.",Sadness
1245993,Caught Stealing,"[80, 53, 35]","Burned-out ex-baseball player Hank Thompson unexpectedly finds himself embroiled in a dangerous struggle for survival amidst the criminal underbelly of late 1990s New York City, forced to navigate a treacherous underworld he never imagined.",Surprise
370172,No Time to Die,"[28, 53, 12]","Bond has left active service and is enjoying a tranquil life in Jamaica. His peace is short-lived when his old friend Felix Leiter from the CIA turns up asking for help. The mission to rescue a kidnapped scientist turns out to be far more treacherous than expected, leading Bond onto the trail of a mysterious villain armed with dangerous new technology.",Joy
7518,Over the Hedge,"[12, 16, 35, 10751]","A scheming raccoon fools a mismatched family of forest creatures into helping him repay a debt of food, by invading the new suburban sprawl that popped up while they were hibernating – and learns a lesson about family himself.",Anger
207947,Story of White Coat: Indecent Acts,"[35, 18]","A trainee has dream is to become a nurse and live a comfortable life. But that dream turns into a nightmare when she becomes the object of obsession for the sex crazed son of a major shareholder at the hospital where she works. When he is admitted to the hospital with alcohol poisoning, no nurse is safe!  Will she escape his clutches or will she finally succumb to his amorous appetite?",Fear
345887,The Equalizer 2,"[28, 53, 80]","Robert McCall, who serves an unflinching justice for the exploited and oppressed, embarks on a relentless, globe-trotting quest for vengeance when his former partner is murdered.",Anger
524434,Eternals,"[878, 28, 12]","The Eternals are a team of ancient aliens who have been living on Earth in secret for thousands of years. When an unexpected tragedy forces them out of the shadows, they are forced to reunite against mankind’s most ancient enemy, the Deviants.",Sadness
1098006,Fountain of Youth,"[12, 14, 9648]","A treasure-hunting mastermind assembles a team for a life-changing adventure. But to outwit and outrun threats at every turn, he'll need someone even smarter than he is: his estranged sister.",Joy
615457,Nobody,"[28, 53]","Hutch Mansell, a suburban dad, overlooked husband, nothing neighbor — a ""nobody."" When two thieves break into his home one night, Hutch's unknown long-simmering rage is ignited and propels him on a brutal path that will uncover dark secrets he fought to leave behind.",Anger
73,American History X,[18],"Derek Vineyard is paroled after serving 3 years in prison for killing two African-American men. Through his brother, Danny Vineyard's narration, we learn that before going to prison, Derek was a skinhead and the leader of a violent white supremacist gang that committed acts of racial crime throughout L.A. and his actions greatly influenced Danny. Reformed and fresh out of prison, Derek severs contact with the gang and becomes determined to keep Danny from going down the same violent path as he did.",Anger
9532,Final Destination,[27],"After a teenager has a terrifying vision of him and his friends dying in a plane crash, he prevents the accident only to have Death hunt them down, one by one.",Fear
1159831,The Bride!,"[878, 27, 14]",A lonely Frankenstein travels to 1930s Chicago to ask groundbreaking scientist Dr. Euphronious to create a companion for him. The two revive a murdered young woman and The Bride is born. But what ensues is beyond what either of them imagined.,Sadness
337404,Cruella,"[35, 80, 18]","In 1970s London amidst the punk rock revolution, a young grifter named Estella is determined to make a name for herself with her designs. She befriends a pair of young thieves who appreciate her appetite for mischief, and together they are able to build a life for themselves on the London streets. One day, Estella’s flair for fashion catches the eye of the Baroness von Hellman, a fashion legend who is devastatingly chic and terrifyingly haute. But their relationship sets in motion a course of events and revelations that will cause Estella to embrace her wicked side and become the raucous, fashionable and revenge-bent Cruella.",Fear
522627,The Gentlemen,"[28, 35, 80]","American expat Mickey Pearson has built a highly profitable marijuana empire in London. When word gets out that he’s looking to cash out of the business forever it triggers plots, schemes, bribery and blackmail in an attempt to steal his domain out from under him.",Anger
9880,The Princess Diaries,"[35, 10751, 10749]","A socially awkward but very bright 15-year-old girl being raised by a single mom discovers that she is the princess of a small European country because of the recent death of her long-absent father, who, unknown to her, was the crown prince of Genovia. She must make a choice between continuing the life of a San Francisco teen or stepping up to the throne.",Sadness
20526,TRON: Legacy,"[12, 28, 878]","Sam Flynn, the tech-savvy and daring son of Kevin Flynn, investigates his father's disappearance and is pulled into The Grid. With the help of a mysterious program named Quorra, Sam quests to stop evil dictator Clu from crossing into the real world.",Fear
777443,The Electric State,"[28, 12, 878]","An orphaned teen hits the road with a mysterious robot to find her long-lost brother, teaming up with a smuggler and his wisecracking sidekick.",Sadness
36586,Blade II,"[14, 27, 28, 53]","Blade forms an uneasy alliance with the vampire council in order to combat the Reapers, who are feeding on vampires.",Fear
9479,The Nightmare Before Christmas,"[14, 16, 10751]","Tired of scaring humans every October 31 with the same old bag of tricks, Jack Skellington, the spindly king of Halloween Town, kidnaps Santa Claus and plans to deliver shrunken heads and other ghoulish gifts to children on Christmas morning. But as Christmas approaches, Jack's rag-doll girlfriend, Sally, tries to foil his misguided plans.",Fear
1724816,Helena,[18],"Helena, the only hilot in a small town who secretly has affairs with her patients' husbands. After a pregnant patient dies upon discovering Helena's affair with her own husband, the enraged townsfolk turn against her.",Anger
396422,Annabelle: Creation,[27],"Several years after the tragic death of their little girl, a doll maker and his wife welcome a nun and several girls from a shuttered orphanage into their home, soon becoming the target of the doll maker's possessed creation—Annabelle.",Sadness
752,V for Vendetta,"[28, 53, 878]","In a world in which Great Britain has become a fascist state, a masked vigilante known only as “V” conducts guerrilla warfare against the oppressive British government. When V rescues a young woman from the secret police, he finds in her an ally with whom he can continue his fight to free the people of Britain.",Anger
1384216,The Dog Stars,"[12, 878, 53]","After the world's population has been ravaged by a pandemic, a man lives a lonesome existence in a Colorado airplane hangar with his dog and a dour gunman he has befriended. When a mysterious transmission comes through on the radio while he’s flying his old Cessna, it sparks a hunt for the provenance of the sound.",Sadness
348084,Beasts Cage,[18],"A young bar waitress, Natsuko has accepted to many Mr. Uehara, a rich art teacher. It’s because Uehara could pay the debt for Natsuko’s ex-husband. Mr. Uchara agreed with the terms but suspected that Natsuko betrayed him for money and continued to meet Seiji. Mr. Uehara determined to punish his young wife in his “artistic” way. He tied her up and locked her in the basement of his house, or better described as “the beasts’ cage”, a place where a “bitch” was tortured and sexually abused in various SM ways",Anger
1293690,Untitled X-Men Film,"[878, 28, 12]",A film set in the Marvel Cinematic Universe (MCU) based on the Marvel Comics team. Plot TBA.,Surprise
937287,Challengers,"[18, 10749]","Tennis player turned coach Tashi has taken her husband, Art, and transformed him into a world-famous Major champion. To jolt him out of his recent losing streak, she signs him up for a ""Challenger"" event — close to the lowest level of pro tournament — where he finds himself standing across the net from his former best friend and Tashi's former boyfriend.",Surprise
1927,Hulk,"[878, 12, 28, 18]","Bruce Banner, a genetics researcher with a tragic past, suffers massive radiation exposure in his laboratory that causes him to transform into a raging green monster when he gets angry.",Fear
377,A Nightmare on Elm Street,[27],"Teenagers in a small town are dropping like flies, apparently in the grip of mass hysteria causing their suicides. A cop's daughter, Nancy Thompson, traces the cause to child molester Fred Krueger, who was burned alive by angry parents many years before. Krueger has now come back in the dreams of his killers' children, claiming their lives as his revenge. Nancy and her boyfriend, Glen, must devise a plan to lure the monster out of the realm of nightmares and into the real world...",Anger
105864,The Good Dinosaur,"[12, 16, 10751]",An epic journey into the world of dinosaurs where an Apatosaurus named Arlo makes an unlikely human friend.,Surprise
26466,Triangle,[27],"When Jess sets sail on a yacht with a group of friends, she cannot shake the feeling that there is something wrong.",Sadness
297761,Suicide Squad,"[28, 12, 14]","From DC Comics comes the Suicide Squad, an antihero team of incarcerated supervillains who act as deniable assets for the United States government, undertaking high-risk black ops missions in exchange for commuted prison sentences.",Anger
812,Aladdin,"[16, 10751, 12, 14, 10749]","In the boorish city of Agrabah, kind-hearted street urchin Aladdin and Princess Jasmine fall in love, although she can only marry a prince. He and power-hungry Grand Vizier Jafar vie for a magic lamp that can fulfill their wishes.",Love
1895,Star Wars: Episode III - Revenge of the Sith,"[12, 28, 878]","When the sinister Sith unveil a thousand-year-old plot to rule the galaxy, the Republic crumbles and from its ashes rises the evil Galactic Empire. Jedi hero Anakin Skywalker must choose a side.",Anger
270946,Penguins of Madagascar,"[10751, 16, 12, 35]","Skipper, Kowalski, Rico and Private join forces with undercover organization The North Wind to stop the villainous Dr. Octavius Brine from destroying the world as we know it.",Anger
417859,Puss in Boots,"[28, 12, 16, 35, 10751]","Long before he even met Shrek, the notorious fighter, lover and outlaw Puss in Boots becomes a hero when he sets off on an adventure with the tough and street smart Kitty Softpaws and the mastermind Humpty Dumpty to save his town. This is the true story of The Cat, The Myth, The Legend... The Boots.",Joy
602,Independence Day,"[28, 12, 878]","Strange phenomena surface around the globe. The skies ignite. Terror races through the world's major cities. As these extraordinary events unfold, it becomes increasingly clear that a force of incredible magnitude has arrived. Its mission: total annihilation over the Fourth of July weekend. The last hope to stop the destruction is an unlikely group of people united by fate and unimaginable circumstances.",Fear
1398655,Blue Film,[18],"Drawn by the promise of easy money and anonymous sex, queer camboy Aaron Eagle is shocked to discover a personal connection with the mysterious stranger who has paid for his company. Over the course of one night, the two men engage in a war of words and emotions as they wrestle with the impact of a tainted and shared past.",Surprise
10192,Shrek Forever After,"[35, 12, 14, 16, 10751]","A midlife-crisis burdened Shrek, longing for the days when he felt like a real ogre, makes a pact with magic deal-maker Rumpelstiltskin. But when he's duped and sent to a twisted version of Far Far Away—where Rumpelstiltskin is king, ogres are hunted, and he and Fiona have never met—he sets out to restore his world and reclaim his true love.",Fear
80278,The Impossible,"[18, 53, 36]","In December 2004, close-knit family Maria, Henry and their three sons begin their winter vacation in Thailand. But the day after Christmas, the idyllic holiday turns into an incomprehensible nightmare when a terrifying roar rises from the depths of the sea, followed by a wall of black water that devours everything in its path. Though Maria and her family face their darkest hour, unexpected displays of kindness and courage ameliorate their terror.",Fear
50646,"Crazy, Stupid, Love.","[35, 18, 10749]","Cal Weaver is living the American dream. He has a good job, a beautiful house, great children and a beautiful wife, named Emily. Cal's seemingly perfect life unravels, however, when he learns that Emily has been unfaithful and wants a divorce. Over 40 and suddenly single, Cal is adrift in the fickle world of dating. Enter, Jacob Palmer, a self-styled player who takes Cal under his wing and teaches him how to be a hit with the ladies.",Love
19913,(500) Days of Summer,"[35, 18, 10749]","Tom, greeting-card writer and hopeless romantic, is caught completely off-guard when his girlfriend, Summer, suddenly dumps him. He reflects on their 500 days together to try to figure out where their love affair went sour, and in doing so, Tom rediscovers his true passions in life.",Sadness
1124566,Sentimental Value,"[18, 35]","Sisters Nora and Agnes reunite with their estranged father, the charismatic Gustav, a once-renowned director who offers stage actress Nora a role in what he hopes will be his comeback film. When Nora turns it down, she soon discovers he has given her part to an eager young Hollywood star.",Joy
1265,Bridge to Terabithia,"[12, 18, 10751]","Jesse Aarons trained all summer to become the fastest runner in school. So he's very upset when newcomer Leslie Burke outruns him and everyone else. Despite this and other differences including that she's rich, he's poor, she's a city girl, and he's a country boy the two become fast friends. Together they create Terabithia, a land of monsters, trolls, ogres, and giants where they rule as king and queen.",Sadness
228967,The Interview,"[28, 35]","Dave Skylark and his producer Aaron Rapaport run the celebrity tabloid show ""Skylark Tonight"". When they land an interview with a surprise fan, North Korean dictator Kim Jong-un, they are recruited by the CIA to turn their trip to Pyongyang into an assassination mission.",Surprise
374720,Dunkirk,"[10752, 28, 18]","The story of the miraculous evacuation of Allied soldiers from Belgium, Britain, Canada and France, who were cut off and surrounded by the German army from the beaches and harbour of Dunkirk between May 26th and June 4th 1940 during World War II.",Surprise
71676,Ghost Rider: Spirit of Vengeance,"[28, 14, 53]","When the devil resurfaces with aims to take over the world in human form, Johnny Blaze reluctantly comes out of hiding to transform into the flame-spewing supernatural hero Ghost Rider -- and rescue a 10-year-old boy from an unsavory end.",Fear
755679,Fast Forever,"[28, 80, 53]",The eleventh and final installment in The Fast Saga. Plot TBA.,Joy
9016,Treasure Planet,"[878, 12, 16, 10751, 14]","When space galleon cabin boy Jim Hawkins discovers a map to an intergalactic ""loot of a thousand worlds,"" a cyborg cook named John Silver teaches him to battle supernovas and space storms on their journey to find treasure.",Surprise
37724,Skyfall,"[28, 12, 53]","When Bond's latest assignment goes gravely wrong, agents around the world are exposed and MI6 headquarters is attacked. While M faces challenges to her authority and position from Gareth Mallory, the new Chairman of the Intelligence and Security Committee, it's up to Bond, aided only by field agent Eve, to locate the mastermind behind the attack.",Fear
1182047,The Apprentice,"[36, 18, 35]","A young Donald Trump, eager to make his name as a hungry scion of a wealthy family in 1970s New York, comes under the spell of Roy Cohn, the cutthroat attorney who would help create the Donald Trump we know today. Cohn sees in Trump the perfect protégé—someone with raw ambition, a hunger for success, and a willingness to do whatever it takes to win.",Joy
500,Reservoir Dogs,"[80, 53]","A botched robbery indicates a police informant, and the pressure mounts in the aftermath at a warehouse. Crime begets violence as the survivors -- veteran Mr. White, newcomer Mr. Orange, psychopathic parolee Mr. Blonde, bickering weasel Mr. Pink and Nice Guy Eddie -- unravel.",Anger
101299,The Hunger Games: Catching Fire,"[12, 28, 878]","After surviving the Hunger Games, Katniss and Peeta struggle with the consequences of their victory as unrest spreads across Panem. Forced back into the spotlight, they become symbols of hope and resistance while the Capitol prepares a new and deadly challenge that will change the future of the nation forever.",Fear
38575,The Karate Kid,"[28, 12, 18, 10751]","12-year-old Dre Parker could've been the most popular kid in Detroit, but his mother's latest career move has landed him in China. Dre immediately falls for his classmate Mei Ying but the cultural differences make such a friendship impossible. Even worse, Dre's feelings make him an enemy of the class bully, Cheng. With no friends in a strange land, Dre has nowhere to turn but maintenance man Mr. Han, who is a kung fu master. As Han teaches Dre that kung fu is not about punches and parries, but maturity and calm, Dre realizes that facing down the bullies will be the fight of his life.",Anger
1034541,Terrifier 3,[27],"Five years after surviving Art the Clown's Halloween massacre, Sienna and Jonathan are still struggling to rebuild their shattered lives. As the holiday season approaches, they try to embrace the Christmas spirit and leave the horrors of the past behind. But just when they think they're safe, Art returns, determined to turn their holiday cheer into a new nightmare. The festive season quickly unravels as Art unleashes his twisted brand of terror, proving that no holiday is safe.",Fear
1813,The Devil's Advocate,"[27, 18, 9648]","Aspiring Florida defense lawyer Kevin Lomax accepts a job at a New York law firm. With the stakes getting higher every case, Kevin quickly learns that his boss has something far more evil planned.",Fear
686,Contact,"[18, 878, 9648]","A radio astronomer receives the first extraterrestrial radio signal ever picked up on Earth. As the world powers scramble to decipher the message and decide upon a course of action, she must make some difficult decisions between her beliefs, the truth, and reality.",Fear
764,The Evil Dead,[27],"In 1979, a group of college students find a Sumerian Book of the Dead in an old wilderness cabin they've rented for a weekend getaway.",Joy
493529,Dungeons & Dragons: Honor Among Thieves,"[12, 14, 35]","A charming thief and a band of unlikely adventurers undertake an epic heist to retrieve a lost relic, but things go dangerously awry when they run afoul of the wrong people.",Fear
43347,Love & Other Drugs,"[18, 35, 10749]","Maggie is an alluring free spirit who won't let anyone – or anything – tie her down. But she meets her match in Jamie, whose relentless and nearly infallible charm serves him well with the ladies and the cutthroat world of pharmaceutical sales. Maggie and Jamie's evolving relationship takes them both by surprise, as they find themselves under the influence of the ultimate drug: love.",Surprise
748783,The Garfield Movie,"[12, 16, 35, 10751]","Garfield, the world-famous, Monday-hating, lasagna-loving indoor cat, is about to have a wild outdoor adventure! After an unexpected reunion with his long-lost father – scruffy street cat Vic – Garfield and his canine friend Odie are forced from their perfectly pampered life into joining Vic in a hilarious, high-stakes heist.",Joy
1368,First Blood,"[28, 53, 18]","When former Green Beret John Rambo is harassed by local law enforcement and arrested for vagrancy, he is forced to flee into the mountains and wage an escalating one-man war against his pursuers.",Fear
8355,Ice Age: Dawn of the Dinosaurs,"[16, 35, 10751, 12]","Times are changing for Manny the moody mammoth, Sid the motor mouthed sloth and Diego the crafty saber-toothed tiger. Life heats up for our heroes when they meet some new and none-too-friendly neighbors – the mighty dinosaurs.",Joy
9323,Ghost in the Shell,"[28, 16, 878]","In the year 2029, the barriers of our world have been broken down by the net and by cybernetics, but this brings new vulnerability to humans in the form of brain-hacking. When a highly-wanted hacker known as 'The Puppetmaster' begins involving them in politics, Section 9, a group of cybernetically enhanced cops, are called in to investigate and stop the Puppetmaster.",Fear
1220564,The Secret Agent,"[53, 18, 80]","Brazil, 1977. Marcelo, a technology expert in his early 40s, is on the run. Hoping to reunite with his son, he travels to Recife during Carnival but soon realizes that the city is not the safe haven he was expecting.",Sadness
1214931,Nuremberg,"[36, 18]","In postwar Germany, an American psychiatrist must determine whether Nazi prisoners are fit to go on trial for war crimes, and finds himself in a complex battle of intellect and ethics with Hermann Göring, Hitler's right-hand man.",Anger
18491,Neon Genesis Evangelion: The End of Evangelion,"[16, 878, 18, 14, 28]","SEELE orders an all-out attack on NERV, aiming to destroy the Evas before Gendo can advance his own plans for the Human Instrumentality Project. Shinji is pushed to the limits of his sanity as he is forced to decide the fate of humanity.",Sadness
1278,The Dreamers,"[18, 10749]","When Isabelle and Theo invite Matthew to stay with them, what begins as a casual friendship ripens into a sensual voyage of discovery and desire in which nothing is off limits and everything is possible.",Joy
1013850,A Real Pain,"[35, 18]",Mismatched cousins David and Benji reunite for a tour through Poland to honor their beloved grandmother. The adventure takes a turn when the pair's old tensions resurface against the backdrop of their family history.,Sadness
184315,Hercules,"[28, 12]","When a new enemy threatens the innocent, Hercules must lead his fearless team of warriors in a battle against overwhelming odds.",Fear
335977,Indiana Jones and the Dial of Destiny,"[12, 28]","Finding himself in a new era, and approaching retirement, Indy wrestles with fitting into a world that seems to have outgrown him. But as the tentacles of an all-too-familiar evil return in the form of an old rival, Indy must don his hat and pick up his whip once more to make sure an ancient and powerful artifact doesn't fall into the wrong hands.",Fear
1424435,Wings of Dread,"[28, 80, 53]","Air police officer Gu Chaoyang encounters a hijacking crisis on his flight back to China. With his extremely high professional ethics, he fights desperately to stop the hijacker, and a life-and-death struggle that takes place at an altitude of ten thousand meters begins.",Anger
1232569,Pinocchio: Unstrung,"[27, 14, 9648]","Influenced by a sinister Cricket and created by Geppetto, Pinocchio launches a violent crusade to carve himself into a real boy like his brother James, one piece at a time.",Joy
11216,Cinema Paradiso,"[18, 10749]","A filmmaker recalls his childhood, when he fell in love with the movies at his village's theater and formed a deep friendship with the theater's projectionist.",Love
176,Saw,"[27, 9648, 80]","Two men wake up to find themselves shackled in a grimy, abandoned bathroom. As they struggle to comprehend their predicament, they discover a disturbing tape left behind by the sadistic mastermind known as Jigsaw. With a chilling voice and cryptic instructions, Jigsaw informs them that they must partake in a gruesome game in order to secure their freedom.",Fear
1242011,Together,"[27, 10749]","Years into their relationship, Tim and Millie find themselves at a crossroads as they move to the country, abandoning all that is familiar in their lives except each other. With tensions already flaring, a nightmarish encounter with a mysterious, unnatural force threatens to corrupt their lives, their love, and their flesh.",Fear
64690,Drive,"[18, 53, 80]","Driver is a skilled Hollywood stuntman who moonlights as a getaway driver for criminals. Though he projects an icy exterior, lately he's been warming up to a pretty neighbor named Irene and her young son, Benicio. When Irene's husband gets out of jail, he enlists Driver's help in a million-dollar heist. The job goes horribly wrong, and Driver must risk his life to protect Irene and Benicio from the vengeful masterminds behind the robbery.",Fear
716273,Just A Bite,[10749],"Arang doesn't have a quick match with her husband Chan-jun. I live by satisfying my needs through masturbation. Meanwhile, Chan Joon is tired of Arang, who is not satisfied with his sex life. I secretly enjoyed affair with Arang's friend Bora.",Joy
324852,Despicable Me 3,"[28, 16, 35, 10751, 12]",Gru and his wife Lucy must stop former '80s child star Balthazar Bratt from achieving world domination.,Anger
6978,Big Trouble in Little China,"[28, 12, 35, 14]","Truck driver Jack Burton gets embroiled in a supernatural battle when his best friend Wang Chi's green-eyed fiancée is kidnapped by henchmen of the sorcerer Lo Pan, who must marry a girl with green eyes in order to return to the human realm.",Fear
1337148,Aisha Can't Fly Away,"[27, 18]","Aisha, a 26-year-old Sudanese woman, lives in Ain-Shams, a neighborhood in Cairo with a large African migrant community. The authorities’ indifference to the violent tensions between Egyptians and various African nationalities, has allowed different gangs to seize control of the neighborhood. The situation quickly turns sour after one of them offers Aisha security in exchange for a favor.",Anger
4232,Scream,"[80, 27, 9648]","A year after the murder of her mother, a teenage girl is terrorized by a masked killer who targets her and her friends by using scary movies as part of a deadly game.",Fear
54138,Star Trek Into Darkness,"[28, 12, 878]","When the crew of the Enterprise is called back home, they find an unstoppable force of terror from within their own organization has detonated the fleet and everything it stands for, leaving our world in a state of crisis.  With a personal score to settle, Captain Kirk leads a manhunt to a war-zone world to capture a one man weapon of mass destruction. As our heroes are propelled into an epic chess game of life and death, love will be challenged, friendships will be torn apart, and sacrifices must be made for the only family Kirk has left: his crew.",Fear
76492,Hotel Transylvania,"[16, 35, 10751, 14]","Welcome to Hotel Transylvania, Dracula's lavish five-stake resort, where monsters and their families can live it up and no humans are allowed. One special weekend, Dracula has invited all his best friends to celebrate his beloved daughter Mavis's 118th birthday. For Dracula catering to all of these legendary monsters is no problem but the party really starts when one ordinary guy stumbles into the hotel and changes everything!",Joy
11852,The Hot Chick,"[35, 14]","Not only is Jessica Spencer the most popular girl in school -- she is also the meanest. But things change for the attractive teen when a freak accident involving a cursed pair of earrings and a chance encounter at a gas station causes her to switch bodies with Clive, a sleazy crook. Jessica, in the form of the repulsive Clive, struggles to adjust to this radical alteration and sets out to get her own body back before the upcoming prom.",Love
1357633,Solo Leveling -ReAwakening-,"[28, 12, 14, 16]","Over a decade after 'gates' connecting worlds appeared, awakening 'hunters' with superpowers, weakest hunter Sung Jinwoo encounters a double dungeon and accepts a mysterious quest, becoming the only one able to level up, changing his fate. A catch-up recap of the first season coupled with an exclusive sneak peek of the first two episodes of the highly anticipated second season in one momentous theatrical fan experience.",Joy
675353,Sonic the Hedgehog 2,"[28, 12, 10751, 35]","After settling in Green Hills, Sonic is eager to prove he has what it takes to be a true hero. His test comes when Dr. Robotnik returns, this time with a new partner, Knuckles, in search for an emerald that has the power to destroy civilizations. Sonic teams up with his own sidekick, Tails, and together they embark on a globe-trotting journey to find the emerald before it falls into the wrong hands.",Fear
14,American Beauty,[18],"Lester Burnham, a depressed suburban father in a mid-life crisis, decides to turn his hectic life around after developing an infatuation with his daughter's attractive friend.",Sadness
18240,The Proposal,"[35, 10749, 18]","When she learns she's in danger of losing her visa status and being deported, overbearing book editor Margaret Tate forces her put-upon assistant, Andrew Paxton, to marry her.",Fear
62211,Monsters University,"[16, 10751, 35, 14]",A look at the relationship between Mike and Sulley during their days at Monsters University — when they weren't necessarily the best of friends.,Sadness
384018,Fast & Furious Presents: Hobbs & Shaw,"[28, 12, 35]","Ever since US Diplomatic Security Service Agent Hobbs and lawless outcast Shaw first faced off, they just have traded smack talk and body blows. But when cyber-genetically enhanced anarchist Brixton's ruthless actions threaten the future of humanity, they join forces to defeat him.",Fear
753342,Napoleon,"[36, 10752, 18]","An epic that details the checkered rise and fall of French Emperor Napoleon Bonaparte and his relentless journey to power through the prism of his addictive, volatile relationship with his wife, Josephine.",Anger
44214,Black Swan,"[18, 53, 27]","A committed dancer struggles to maintain her sanity after winning the lead role in a production of Tchaikovsky's ""Swan Lake.""",Sadness
8681,Taken,"[28, 53]","Bryan Mills, a former government operative, is trying to reconnect with his teenage daughter Kim. After reluctantly agreeing with his ex-wife to let Kim go to Paris on vacation with a friend, his worst nightmare comes true. While on the phone with his daughter shortly after she arrives in Paris, she and her friend are abducted by a gang of human traffickers. Working against the clock, Bryan relies on his extensive training and skills to track down the ruthless gang that abducted her and launch a one-man war to rescue his daughter.",Fear
402,Basic Instinct,"[53, 9648]","Catherine, a novelist with an insatiable sexual appetite, becomes a prime suspect when her boyfriend is brutally murdered -- a crime she had described in her latest story.",Anger
353486,Jumanji: Welcome to the Jungle,"[12, 35, 14]","Four teenagers in detention discover an old video game console with a game they’ve never heard of. When they decide to play, they are immediately sucked into the jungle world of Jumanji in the bodies of their avatars. They’ll have to complete the adventure of their lives filled with fun, thrills and danger or be stuck in the game forever!",Joy
1022787,Elio,"[16, 12, 878, 10751, 35]","Elio, a space fanatic with an active imagination, finds himself on a cosmic misadventure where he must form new bonds with eccentric alien lifeforms, navigate a crisis of intergalactic proportions and somehow discover who he is truly meant to be.",Fear
1241983,Train Dreams,[18],A logger leads a life of quiet grace as he experiences love and loss during an era of monumental change in early 20th-century America.,Sadness
302946,The Accountant,"[80, 53, 18]","As a math savant uncooks the books for a new client, the Treasury Department closes in on his activities and the body count starts to rise.",Sadness
168259,Furious 7,"[28, 80, 53]",Deckard Shaw seeks revenge against Dominic Toretto and his family for his comatose brother.,Anger
9487,A Bug's Life,"[12, 16, 35, 10751]","On behalf of ""oppressed bugs everywhere,"" an inventive ant named Flik hires a troupe of warrior bugs to defend his bustling colony from a horde of freeloading grasshoppers led by the evil-minded Hopper.",Anger
607,Men in Black,"[28, 12, 35, 878]","After a police chase with an otherworldly being, a New York City cop is recruited as an agent in a top-secret organization established to monitor and police alien activity on Earth: the Men in Black. Agent K and new recruit Agent J find themselves in the middle of a deadly plot by an intergalactic terrorist who has arrived on Earth to assassinate two ambassadors from opposing galaxies.",Fear
516729,Paddington in Peru,"[12, 35, 10751]","Paddington travels to Peru to visit his beloved Aunt Lucy, who now resides at the Home for Retired Bears. With the Brown Family in tow, a thrilling adventure ensues when a mystery plunges them into an unexpected journey through the Amazon rainforest and up to the mountain peaks of Peru.",Surprise
1317672,Love Me Love Me,"[10749, 18]","After her brother's death, June moves to Milan for a fresh start, finding comfort in Will, the perfect honor student at her new international school. But when his troubled best friend James—hiding a dangerous life in clandestine MMA fights—sparks a rivalry that quickly turns into irresistible attraction, June must choose between safety and a love that upends everything she thought she wanted.",Love
508442,Soul,"[16, 10751, 18, 10402, 14]","Joe Gardner is a middle school teacher with a love for jazz music. After a successful audition at the Half Note Club, he suddenly gets into an accident that separates his soul from his body and is transported to the You Seminar, a center in which souls develop and gain passions before being transported to a newborn child. Joe must enlist help from the other souls-in-training, like 22, a soul who has spent eons in the You Seminar, in order to get back to Earth.",Love
464052,Wonder Woman 1984,"[28, 12, 14]",A botched store robbery places Wonder Woman in a global battle against a powerful and mysterious ancient force that puts her powers in jeopardy.,Fear
26389,From Paris with Love,"[28, 80, 53]","James Reese has a good job as an ambassador's aid in France, but his real passion is a side gig—working in a minor role in the CIA. He would love to be a full-fledged agent and can't believe his luck when he lands an assignment with Charlie Wax. Trigger-happy Charlie soon has James crying for his desk job, but when he learns that the same guys they're trying to catch are after him, James realises that Charlie may be his only hope of survival.",Love
1593,Night at the Museum,"[14, 10751, 35]","Chaos reigns at the natural history museum when night watchman Larry Daley accidentally stirs up an ancient curse, awakening Attila the Hun, an army of gladiators, a Tyrannosaurus rex and other exhibits.",Fear
913290,Barbarian,"[27, 9648, 53]","In town for a job interview, a young woman arrives at her Airbnb late at night only to find that it has been mistakenly double-booked and a strange man is already staying there. Against her better judgement, she decides to stay the night anyway.",Fear
856,Who Framed Roger Rabbit,"[14, 16, 35, 80]","Toon star Roger is worried that his wife Jessica is playing pattycake with someone else, so the studio hires detective Eddie Valiant to snoop on her. But the stakes are quickly raised when Marvin Acme is found dead and Roger is the prime suspect.",Fear
11970,Hercules,"[16, 10751, 14, 12, 35, 10749]","Bestowed with superhuman strength, a young mortal named Hercules sets out to prove himself a hero in the eyes of his father, the great god Zeus. Along with his friends Pegasus, a flying horse, and Phil, a personal trainer, Hercules is tricked by the hilarious, hotheaded villain Hades, who's plotting to take over Mount Olympus!",Anger
38700,Bad Boys for Life,"[53, 28, 80]","Marcus and Mike are forced to confront new threats, career changes, and midlife crises as they join the newly created elite team AMMO of the Miami police department to take down the ruthless Armando Armas, the vicious leader of a Miami drug cartel.",Fear
966,The Magnificent Seven,"[37, 28, 12, 18]",An oppressed Mexican peasant village hires seven gunfighters to help defend their homes.,Anger
1573,Die Hard 2,"[28, 53]","One year after his heroics in Los Angeles, John McClane is an off-duty cop who is the wrong guy in the wrong place at the wrong time. On a snowy Christmas Eve, as he waits for his wife's plane to land at Washington Dulles International Airport, terrorists take over the air traffic control system in a plot to free a South American army general and drug smuggler being flown into the US to face drug charges. It's now up to McClane to take on the terrorists, while coping with an inept airport police chief, an uncooperative anti-terrorist squad, and the life of his wife and everyone else trapped in planes circling overhead.",Fear
335787,Uncharted,"[28, 12, 9648]","A young street-smart, Nathan Drake and his wisecracking partner Victor “Sully” Sullivan embark on a dangerous pursuit of “the greatest treasure never found” while also tracking clues that may lead to Nathan’s long-lost brother.",Fear
1018,Mulholland Drive,"[53, 18, 9648]","Blonde Betty Elms has only just arrived in Hollywood to become a movie star when she meets an enigmatic brunette with amnesia. Meanwhile, as the two set off to solve the second woman's identity, filmmaker Adam Kesher runs into ominous trouble while casting his latest project.",Fear
1596260,Night Nurse,"[18, 53]","As a series of perverse scam calls unsettles an idyllic retirement community, a starry-eyed nurse becomes entangled with her mysterious patient.",Fear
804095,The Fabelmans,[18],"Growing up in post-World War II era Arizona, young Sammy Fabelman aspires to become a filmmaker as he reaches adolescence, but soon discovers a shattering family secret and explores how the power of films can help him see the truth.",Surprise
4982,American Gangster,"[18, 80]","Loosely based on the criminal career of Frank Lucas, a gangster from La Grange, North Carolina, who smuggled heroin into the United States on American service planes returning from the Vietnam War, before being detained by a task force led by Newark Detective Richie Roberts.",Fear
7345,There Will Be Blood,[18],"Ruthless silver miner, turned oil prospector, Daniel Plainview, moves to oil-rich California. Using his son to project a trustworthy, family-man image, Plainview cons local landowners into selling him their valuable properties for a pittance. However, local preacher Eli Sunday suspects Plainview's motives and intentions, starting a slow-burning feud that threatens both their lives.",Fear
82702,How to Train Your Dragon 2,"[14, 28, 12, 16, 10751]","Five years after uniting the dragons and Vikings of Berk, Hiccup and Toothless soar beyond their homeland, charting the vast unknown. During one of their adventures, the pair discover a secret cave that houses hundreds of wild dragons -- and a mysterious dragon rider with a startling connection to Hiccup. And as the ruthless dragon conqueror Drago Bludvist rises to seize control of both dragons and people alike, Hiccup must step into his role as a true leader and, alongside his friends and Toothless, protect Berk from a devastating war.",Fear
645710,The Voyeurs,[53],"When Pippa and Thomas move into their dream apartment, they notice that their windows look directly into the apartment opposite – inviting them to witness the volatile relationship of the attractive couple across the street. But what starts as a simple curiosity turns into full-blown obsession with increasingly dangerous consequences.",Fear
1032823,Trap,"[80, 27, 53]","A father and teen daughter attend a pop concert, where they realize they're at the center of a dark and sinister event.",Fear
61791,Rise of the Planet of the Apes,"[53, 28, 18, 878]","A highly intelligent chimpanzee named Caesar has been living a peaceful suburban life ever since he was born. But when he gets taken to a cruel primate facility, Caesar decides to revolt against those who have harmed him.",Anger
893723,PAW Patrol: The Mighty Movie,"[12, 16, 35, 10751, 878]","A magical meteor crash lands in Adventure City and gives the PAW Patrol pups superpowers, transforming them into The Mighty Pups.",Joy
855,Black Hawk Down,"[28, 10752, 36]","When U.S. Rangers and an elite Delta Force team attempt to kidnap two underlings of a Somali warlord, their Black Hawk helicopters are shot down, and the Americans suffer heavy casualties, facing intense fighting from the militia on the ground.",Fear
1361774,The Dink,[35],"Desperate to save a struggling country club and earn his father's respect, a washed-up tennis pro is compelled to break a sacred vow and do the unthinkable: play pickleball.",Anger
942,Lethal Weapon 2,"[28, 53, 80]",Riggs and Murtaugh are on the trail of South African diplomats using their immunity to engage in criminal activities.,Fear
1138194,Heretic,"[53, 27]","Two young missionaries are forced to prove their faith when they knock on the wrong door and are greeted by a diabolical Mr. Reed, becoming ensnared in his deadly game of cat-and-mouse.",Fear
45269,The King's Speech,"[18, 36]","The King's Speech tells the story of the man who became King George VI, the father of Queen Elizabeth II. After his brother abdicates, George ('Bertie') reluctantly assumes the throne. Plagued by a dreaded stutter and considered unfit to be king, Bertie engages the help of an unorthodox speech therapist named Lionel Logue. Through a set of unexpected techniques, and as a result of an unlikely friendship, Bertie is able to find his voice and boldly lead the country into war.",Surprise
166426,Pirates of the Caribbean: Dead Men Tell No Tales,"[12, 28, 14]","Thrust into an all-new adventure, a down-on-his-luck Capt. Jack Sparrow feels the winds of ill-fortune blowing even more strongly when deadly ghost sailors led by his old nemesis, the evil Capt. Salazar, escape from the Devil's Triangle. Jack's only hope of survival lies in seeking out the legendary Trident of Poseidon, but to find it, he must forge an uneasy alliance with a brilliant and beautiful astronomer and a headstrong young man in the British navy.",Fear
9480,Daredevil,"[14, 28]",A man blinded in a childhood accident fights crime using his superhumanly-elevated remaining senses.,Sadness
311324,The Great Wall,"[28, 12, 14]",European mercenaries searching for black powder become embroiled in the defense of the Great Wall of China against a horde of monstrous creatures.,Fear
573435,Bad Boys: Ride or Die,"[28, 35, 80]","After their late former Captain is framed, Lowrey and Burnett try to clear his name, only to end up on the run themselves.",Anger
787,Mr. & Mrs. Smith,"[28, 35, 18, 53]","A husband and wife struggle to keep their marriage alive until they realize they are both secretly working as assassins. Now, their respective assignments require them to kill each other.",Fear
8358,Cast Away,"[12, 18]","Chuck Noland, a top international manager for FedEx, and Kelly, a Ph.D. student, are in love and heading towards marriage. Then Chuck's plane to Malaysia crashes at sea during a terrible storm. He's the only survivor, and finds himself marooned on a desolate island. With no way to escape, Chuck must find ways to survive in his new home.",Fear
4951,10 Things I Hate About You,"[35, 10749, 18]","On the first day at his new school, Cameron instantly falls for Bianca, the gorgeous girl of his dreams. The only problem is that Bianca is forbidden to date until her ill-tempered, completely un-dateable older sister Kat goes out, too. In an attempt to solve his problem, Cameron singles out the only guy who could possibly be a match for Kat: a mysterious bad boy with a nasty reputation of his own.",Love
1572,Die Hard: With a Vengeance,"[28, 53]","New York detective John McClane is back and kicking bad-guy butt in the third installment of this action-packed series, which finds him teaming with civilian Zeus Carver to prevent the loss of innocent lives. McClane thought he'd seen it all, until a genius named Simon engages McClane, his new ""partner"" -- and his beloved city -- in a deadly game that demands their concentration.",Anger
505026,Death on the Nile,"[9648, 80, 53]",Belgian sleuth Hercule Poirot's Egyptian vacation aboard a glamorous river steamer turns into a terrifying search for a murderer when a picture-perfect couple's idyllic honeymoon is tragically cut short.,Fear
11012,Damage,"[18, 10749]",The life of a respected British politician at the height of his career crumbles when he becomes obsessed with his son's lover.,Sadness
937278,A Man Called Otto,"[35, 18]","When a lively young family moves in next door, grumpy widower Otto Anderson meets his match in a quick-witted, pregnant woman named Marisol, leading to an unlikely friendship that turns his world upside down.",Joy
758330,"Good Luck to You, Leo Grande","[10749, 18]","Nancy Stokes, a retired schoolteacher, is pretty sure she has never had good sex. Now that her husband has died, she is determined to take a tour of sexual vistas that until now she has only imagined. She even has a plan; it involves an anonymous hotel room, and a sex worker who calls himself Leo Grande.",Sadness
194,Amélie,"[35, 10749]","At a tiny Parisian café, the adorable yet painfully shy Amélie accidentally discovers a gift for helping others. Soon Amelie is spending her days as a matchmaker, guardian angel, and all-around do-gooder. But when she bumps into a handsome stranger, will she find the courage to become the star of her very own love story?",Love
930564,Saltburn,"[18, 35, 53]","Struggling to find his place at Oxford University, student Oliver Quick finds himself drawn into the world of the charming and aristocratic Felix Catton, who invites him to Saltburn, his eccentric family's sprawling estate, for a summer never to be forgotten.",Joy
1329016,Tony,"[18, 35]","A 19-year-old Anthony Bourdain travels to Provincetown and stumbles into the chaotic world of a restaurant kitchen, setting off a summer that will shape the course of his life.",Surprise
1383731,Protector,"[28, 53]","Nikki's life is shattered when her daughter is kidnapped. Thrust into the criminal underworld while hunted by cops and military, she must fight to rescue her child.",Sadness
45243,The Hangover Part II,[35],"The Hangover crew heads to Thailand for Stu's wedding. After the disaster of a bachelor party in Las Vegas last year, Stu is playing it safe with a mellow pre-wedding brunch. However, nothing goes as planned and Bangkok is the perfect setting for another adventure with the rowdy group.",Joy
1592032,Furious Attack,"[28, 80, 53]","A former special forces soldier infiltrates northern Myanmar to rescue his missing daughter, fighting against scam gangs and organ traffickers in a final showdown with the crime boss.",Anger
399579,Alita: Battle Angel,"[28, 878, 12]","When Alita awakens with no memory of who she is in a future world she does not recognize, she is taken in by Ido, a compassionate doctor who realizes that somewhere in this abandoned cyborg shell is the heart and soul of a young woman with an extraordinary past.",Sadness
1480387,undertone,"[27, 9648]",The host of a popular paranormal podcast becomes haunted by terrifying recordings mysteriously sent her way.,Fear
804150,Cocaine Bear,"[53, 35, 80]","Inspired by a true story, an oddball group of cops, criminals, tourists and teens converge in a Georgia forest where a 500-pound black bear goes on a murderous rampage after unintentionally ingesting cocaine.",Fear
4327,Charlie's Angels,"[28, 35, 12]","The captivating crime-fighting trio who are masters of disguise, espionage and martial arts are back! When a devious mastermind embroils them in a plot to destroy individual privacy, the Angels, aided by their loyal sidekick Bosley, set out to bring down the bad guys. But when a terrible secret is revealed, it makes the Angels targets for assassination.",Fear
616,The Last Samurai,"[18, 28, 10752]","Nathan Algren is an American hired to instruct the Japanese army in the ways of modern warfare, which finds him learning to respect the samurai and the honorable principles that rule them. Pressed to destroy the samurai's way of life in the name of modernization and open trade, Algren decides to become an ultimate warrior himself and to fight for their right to exist.",Anger
11688,The Emperor's New Groove,"[12, 16, 35, 10751, 14]","When the self‑absorbed Emperor Kuzco is accidentally transformed into a llama, he must rely on a humble villager to survive the jungle and reclaim his throne.",Fear
1397485,Girls Like Girls,"[10749, 18]","After her mother's passing, 17-year-old Coley navigates new feelings of intimacy with Sonya in rural Oregon, where both girls must overcome their mutual uncertainties and self-doubt to embrace their connection.",Sadness
49519,The Croods,"[16, 12, 10751, 35]","The prehistoric Croods family live in a particularly dangerous moment in time. Patriarch Grug, his mate Ugga, teenage daughter Eep, son Thunk, and feisty Gran gather food by day and huddle together in a cave at night. When a more evolved caveman named Guy arrives on the scene, Grug is distrustful, but it soon becomes apparent that Guy is correct about the impending destruction of their world.",Fear
7512,Idiocracy,"[35, 878, 12, 53]","To test its top-secret Human Hibernation Project, the Pentagon picks the most average European-Americans it can find - an Army private and a prostitute - and sends them to the year 2505 after a series of freak events. But when they arrive, they find a civilization so dumbed-down that they're the smartest people around.",Joy
4488,Friday the 13th,[27],Camp counselors are stalked and murdered by an unknown assailant while trying to reopen a summer camp that was the site of a child's drowning.,Sadness
934433,Scream VI,"[27, 53, 80]","Following the latest Ghostface killings, the four survivors leave Woodsboro behind and start a fresh chapter.",Joy
10191,How to Train Your Dragon,"[14, 12, 16, 10751]","As the son of a Viking leader on the cusp of manhood, shy Hiccup Horrendous Haddock III faces a rite of passage: he must kill a dragon to prove his warrior mettle. But after downing a feared dragon, he realizes that he no longer wants to destroy it, and instead befriends the beast – which he names Toothless – much to the chagrin of his warrior father.",Fear
9769,Lolita,[18],"Humbert Humbert is a middle-aged British novelist who is both appalled by and attracted to the vulgarity of American culture. When he comes to stay at the boarding house run by Charlotte Haze, he soon becomes obsessed with Lolita, the woman's teenaged daughter.",Fear
1735,The Mummy: Tomb of the Dragon Emperor,"[12, 28, 14]","Archaeologist Rick O'Connell travels to China, pitting him against an emperor from the 2,000-year-old Han dynasty who's returned from the dead to pursue a quest for world domination. This time, O'Connell enlists the help of his wife and son to quash the so-called 'Dragon Emperor' and his abuse of supernatural power.",Anger
1079091,It Ends with Us,"[18, 10749]","When a woman's first love suddenly reenters her life, her relationship with a charming, but abusive neurosurgeon is upended, and she realizes she must learn to rely on her own strength to make an impossible choice for her future.",Surprise
1476682,Gail Daughtry and the Celebrity Sex Pass,[35],"Small-town Kansas hairdresser Gail Daughtry's fiancé uses his 'celebrity sex pass' on Jennifer Aniston, prompting Gail to travel to LA with her friend Otto to find her own pass, Jon Hamm, to even the score.",Joy
351286,Jurassic World: Fallen Kingdom,"[12, 878, 53, 28]","Three years after Jurassic World was destroyed, Isla Nublar now sits abandoned. When the island's dormant volcano begins roaring to life, Owen and Claire mount a campaign to rescue the remaining dinosaurs from this extinction-level event.",Sadness
670292,The Creator,"[878, 28, 12]","Amid a future war between the human race and the forces of artificial intelligence, a hardened ex-special forces agent grieving the disappearance of his wife, is recruited to hunt down and kill the Creator, the elusive architect of advanced AI who has developed a mysterious weapon with the power to end the war—and mankind itself.",Sadness
1043197,Dust Bunny,"[14, 28, 27]","Ten-year-old Aurora asks her hitman neighbor to kill the monster under her bed that she claims ate her family. To protect her, he must battle an onslaught of assassins while accepting that some monsters are real.",Fear
8077,Alien³,"[878, 28, 27]","After escaping with Newt and Hicks from the alien planet, Ripley crash lands on Fiorina 161, a prison planet and host to a correctional facility. Unfortunately, although Newt and Hicks do not survive the crash, a more unwelcome visitor does. The prison does not allow weapons of any kind, and with aid being a long time away, the prisoners must simply survive in any way they can.",Sadness
476669,The King's Man,"[28, 12, 53]","As a collection of history's worst tyrants and criminal masterminds gather to plot a war to wipe out millions, one man must race against time to stop them.",Anger
1124620,The Monkey,"[27, 35]","When twin brothers find a mysterious wind-up monkey, a series of outrageous deaths tear their family apart. Twenty-five years later, the monkey begins a new killing spree forcing the estranged brothers to confront the cursed toy.",Sadness
335,Once Upon a Time in the West,"[18, 37]","As the railroad builders advance unstoppably through the Arizona desert on their way to the sea, Jill arrives in the small town of Flagstone with the intention of starting a new life.",Joy
169,Predator 2,"[878, 28, 53]",A police chief in the war-torn streets of Los Angeles discovers that an extraterrestrial creature is hunting down residents - and that he is the next target.,Fear
10315,Fantastic Mr. Fox,"[12, 16, 35, 10751]","The Fantastic Mr. Fox, bored with his current life, plans a heist against the three local farmers. The farmers, tired of sharing their chickens with the sly fox, seek revenge against him and his family.",Anger
1397385,Little Brother,[35],"A tightly wound realtor's picture-perfect life gets an extreme makeover when his lovably chaotic ""little brother"" suddenly reappears.",Fear
278927,The Jungle Book,"[12, 10751, 14]","After a threat from the tiger Shere Khan, Mowgli, a man-cub fostered by wolves, is forced to flee the jungle, and he embarks on a journey of self-discovery with the help of the panther, Bagheera, and the free-spirited bear, Baloo.",Fear
339403,Baby Driver,"[28, 80]","After being coerced into working for a crime boss, a young getaway driver finds himself taking part in a heist doomed to fail.",Fear
581528,"The Gangster, the Cop, the Devil","[28, 80, 53]","After barely surviving a brutal attack by a sadistic serial killer, crime boss Jang Dong-su is left humiliated. Determined to catch the killer known as K, he forms an uneasy alliance with Jung Tae-seok, a relentless and incorruptible detective who often disrupts his illegal business. However, while Jang Dong-su wants K dead, Jung Tae-suk is determined to bring him to justice. With a deal in place—whoever finds K first will decide his fate—the hunt begins, blurring the lines between crime and law.",Anger
38055,Megamind,"[16, 28, 35, 10751, 878]","After Megamind, a highly intelligent alien supervillain, defeats his long-time nemesis Metro Man, Megamind creates a new hero to fight, but must act to save the city when his ""creation"" becomes an even worse villain than he was.",Anger
600,Full Metal Jacket,"[18, 10752]",A pragmatic U.S. Marine observes the dehumanizing effects the U.S.-Vietnam War has on his fellow recruits from their brutal boot camp training to the bloody street fighting in Hue.,Sadness
1198984,We Bury the Dead,"[27, 53]","After a catastrophic military disaster reanimates the dead, Ava searches for her missing husband amidst an increasingly hostile world.",Sadness
884605,No Hard Feelings,"[35, 10749]","On the brink of losing her childhood home, Maddie discovers an intriguing job listing: wealthy helicopter parents looking for someone to “date” their introverted 19-year-old son, Percy, before he leaves for college. To her surprise, Maddie soon discovers the awkward Percy is no sure thing.",Surprise
11224,Cinderella,"[10751, 14, 16, 10749]","Cinderella has faith her dreams of a better life will come true. With help from her loyal mice friends and a wave of her Fairy Godmother's wand, Cinderella's rags are magically turned into a glorious gown and off she goes to the Royal Ball. But when the clock strikes midnight, the spell is broken, leaving a single glass slipper... the only key to the ultimate fairy-tale ending!",Joy
624860,The Matrix Resurrections,"[878, 28, 12]","Plagued by strange memories, Neo's life takes an unexpected turn when he finds himself back inside the Matrix.",Surprise
36557,Casino Royale,"[12, 28, 53]","Le Chiffre, a banker to the world's terrorists, is scheduled to participate in a high-stakes poker game in Montenegro, where he intends to use his winnings to establish his financial grip on the terrorist market. M sends Bond—on his maiden mission as a 00 Agent—to attend this game and prevent Le Chiffre from winning. With the help of Vesper Lynd and Felix Leiter, Bond enters the most important poker game in his already dangerous career.",Fear
568,Apollo 13,"[18, 36]","The true story of technical troubles that scuttle the Apollo 13 lunar mission in 1970, risking the lives of astronaut Jim Lovell and his crew, with the failed journey turning into a thrilling saga of heroism. Drifting more than 200,000 miles from Earth, the astronauts work furiously with the ground crew to avert tragedy.",Sadness
854,The Mask,"[35, 14, 80, 10749]","Timid bank clerk Stanley Ipkiss discovers a magical mask infused with the spirit of the Norse god Loki. Donning it transforms him into an unrestrained, green-faced, cartoon-like wild man. While the mask grants him the confidence to woo a local singer, it also makes him the target of a ruthless mobster.",Fear
1949,Zodiac,"[80, 9648, 53]","Over the course of a decade, editors of the San Francisco Chronicle entice themselves in the murders of the Zodiac Killer. However, as time runs its course, interest in the case dwindles in the eyes of the professionals. The Killer stops interacting with the public. However, believing he has the answers, an amateur cartoonist from the initial sightings races against time to prevent what he believes is another murder.",Fear
406563,Insidious: The Last Key,"[27, 53]","Parapsychologist Elise Rainier and her team travel to Five Keys, NM, to investigate a man’s claim of a haunting. Terror soon strikes when Rainier realizes that the house he lives in was her family’s old home.",Fear
50546,Just Go with It,"[35, 10749]","While romancing Palmer, a much younger schoolteacher, plastic surgeon Danny Maccabee enlists his loyal assistant Katherine to pretend to be his soon to be ex-wife, in order to cover up a careless lie. When more lies backfire, Katherine's kids become involved, and everyone heads off for a weekend in Hawaii that will change all their lives.",Fear
10198,The Princess and the Frog,"[16, 10749, 14, 10751]","A waitress, desperate to fulfill her dreams as a restaurant owner, is set on a journey to turn a frog prince back into a human being, but she has to face the same problem after she kisses him.",Fear
974576,Conclave,"[18, 53]","After the unexpected death of the Pope, Cardinal Lawrence is tasked with managing the covert and ancient ritual of electing a new one. Sequestered in the Vatican with the Catholic Church’s most powerful leaders until the process is complete, Lawrence finds himself at the center of a conspiracy that could lead to its downfall.",Surprise
306529,Vigili e vigilesse,[35],A group of policemen and policewomen from different municipalities are in Rome to take a course that will take them on a study trip to London.,Joy
20943,The Ugly Truth,"[35, 10749]","A romantically challenged morning show producer is reluctantly embroiled in a series of outrageous tests by her chauvinistic correspondent to prove his theories on relationships and help her find love. His clever ploys, however, lead to an unexpected result.",Surprise
1641319,Sniper: No Nation,"[28, 53]",Brandon Beckett and Agent Zero lead a rescue mission in Costa Verde when their friends are taken hostage.,Fear
1417,Pan's Labyrinth,"[14, 18, 10752]","In post–civil war Spain, 10-year-old Ofelia moves with her pregnant mother to live under the control of her cruel stepfather. Drawn into a mysterious labyrinth, she meets a faun who reveals that she may be a lost princess from an underground kingdom. To return to her true father, she must complete a series of surreal and perilous tasks that blur the line between reality and fantasy.",Fear
381288,Split,"[27, 53]","Though Kevin has evidenced 23 personalities to his trusted psychiatrist, Dr. Fletcher, there remains one still submerged who is set to materialize and dominate all the others. Compelled to abduct three teenage girls led by the willful, observant Casey, Kevin reaches a war for survival among all of those contained within him — as well as everyone around him — as the walls between his compartments shatter apart.",Anger
117,The Untouchables,"[80, 36, 53]","Elliot Ness, an ambitious prohibition agent, is determined to take down Al Capone. In order to achieve this goal, he forms a group given the nickname “The Untouchables”.",Anger
49530,In Time,"[28, 53, 878]","In the not-too-distant future, the aging gene has been switched off. To avoid overpopulation, time has become the currency and the way people pay for luxuries and necessities. The rich can live forever, while the rest struggle to negotiate for their immortality. A poor young man who suddenly comes into a fortune of time finds himself on the run from a corrupt police force known as the ""time keepers"".",Surprise
940721,Godzilla Minus One,"[878, 27, 28]","In postwar Japan, Godzilla brings new devastation to an already scorched landscape. With no military intervention or government help in sight, the survivors must join together in the face of despair and fight back against an unrelenting horror.",Fear
257344,Pixels,"[28, 35, 878, 12, 14]",Video game experts are recruited by the military to fight 1980s-era video game characters who've attacked New York.,Anger
967998,Fatal Conspiracy,[27],"Davi Martins, a commercial director of a financial institution, and Juliana Martins, a personal trainer, are a couple trying to recover from a crisis. At work, Davi ends up getting involved in the investigation of a financial scandal, putting himself in the crosshairs of dangerous people. Little by little, Juliana discovers that her new home may not be a new beginning, but the stage for a real nightmare. Some secrets may end her life.",Fear
601,E.T. the Extra-Terrestrial,"[12, 878, 10751]","An alien is left behind on Earth and saved by the 10-year-old Elliott who decides to keep him hidden in his home. While a task force hunts for the extra-terrestrial, Elliott, his brother, and his little sister Gertie form an emotional bond with their new friend, and try to help him find his way home.",Love
561,Constantine,"[14, 28, 27]","John Constantine has literally been to Hell and back. When he teams up with a policewoman to solve the mysterious suicide of her twin sister, their investigation takes them through the world of demons and angels that exists beneath the landscape of contemporary Los Angeles.",Sadness
91314,Transformers: Age of Extinction,"[878, 28, 12]","As humanity picks up the pieces after the battle of Chicago, a shadowy group reveals itself in an attempt to control the direction of history…while an ancient, powerful new menace sets Earth in its crosshairs. With help from Cade Yeager, Optimus Prime and the Autobots rise to meet their most fearsome challenge yet.",Fear
423204,Angel Has Fallen,"[28, 53]","After a treacherous attack, Secret Service agent Mike Banning is charged with attempting to assassinate President Trumbull. Chased by his own colleagues and the FBI, Banning begins a race against the clock to clear his name.",Fear
524047,Greenland,"[53, 28, 878]","John Garrity, his estranged wife and their young son embark on a perilous journey to find sanctuary as a planet-killing comet hurtles toward Earth. Amid terrifying accounts of cities getting levelled, the Garritys experience the best and worst in humanity. As the countdown to the global apocalypse approaches zero, their incredible trek culminates in a desperate and last-minute flight to a possible safe haven.",Fear
424694,Bohemian Rhapsody,"[10402, 18]","Singer Freddie Mercury, guitarist Brian May, drummer Roger Taylor and bass guitarist John Deacon take the music world by storm when they form the rock 'n' roll band Queen in 1970. Hit songs become instant classics. When Mercury's increasingly wild lifestyle starts to spiral out of control, Queen soon faces its greatest challenge yet – finding a way to keep the band together amid the success and excess.",Fear
9358,Final Destination 2,"[27, 9648]","When Kimberly has a violent premonition of a highway pileup she blocks the freeway, keeping a few others meant to die, safe...Or are they? The survivors mysteriously start dying and it's up to Kimberly to stop it before she's next.",Fear
1363123,The Family Plan 2,"[28, 35]","Now that Dan's assassin days are behind him, all he wants for Christmas is quality time with his kids. But when he learns his daughter has her own plans, he books a family trip to London—putting them all in the crosshairs of an unexpected enemy.",Surprise
956,Mission: Impossible III,"[12, 28, 53]","Retired from active duty, and training recruits for the Impossible Mission Force, agent Ethan Hunt faces the toughest foe of his career: Owen Davian, an international broker of arms and information, who's as cunning as he is ruthless. Davian emerges to threaten Hunt and all that he holds dear – including the woman Hunt loves.",Fear
1008042,Talk to Me,"[27, 53]","When a group of friends discover how to conjure spirits using an embalmed hand, they become hooked on the new thrill, until one of them goes too far and unleashes terrifying supernatural forces.",Fear
24086,The Boy Who Could Fly,"[18, 10751, 14]","Milly and Louis, and their recently-widowed mom, Charlene, move to a new neighborhood. Once there, they all deal with a variety of personal problems, but Milly finds a friend in Eric, her autistic next door neighbor. Eric has a fascination with flight, and as the story progresses, he exerts an enthralling force of change on all those around him.",Love
1136867,Materialists,"[10749, 18]","A young, ambitious New York City matchmaker finds herself torn between the perfect match and her imperfect ex.",Sadness
2109,Rush Hour,"[28, 35, 80]","When Hong Kong Inspector Lee is summoned to Los Angeles to investigate a kidnapping, the FBI doesn't want any outside help and assigns cocky LAPD Detective James Carter to distract Lee from the case. Not content to watch the action from the sidelines, Lee and Carter form an unlikely partnership and investigate the case themselves.",Anger
215,Saw II,[27],"The chilling and relentless Jigsaw killer returns to terrorize the city once again. When a gruesome murder victim emerges with unmistakable traces of Jigsaw's sinister methods, Detective Eric Matthews is thrust into a high-stakes investigation. To his surprise, apprehending Jigsaw seems almost too easy, but what he doesn't realize is that being caught is merely another piece of Jigsaw's intricate puzzle.",Fear
211672,Minions,"[10751, 16, 12, 35]","Minions Stuart, Kevin and Bob are recruited by Scarlet Overkill, a super-villain who, alongside her inventor husband Herb, hatches a plot to take over the world.",Anger
122906,About Time,"[18, 10749, 14]","The night after another unsatisfactory New Year's party, Tim's father reveals to him that the men in their family have the ability to travel through time. They can't change history, but they can change what happens and has happened in their own lives. Thus begins the start of a lesson in learning to appreciate life itself as it is, as it comes, and most importantly, the people living alongside us.",Joy
10066,House of Wax,"[27, 53, 9648]",A group of unwitting teens are stranded near a strange wax museum and soon must fight to survive and keep from becoming the next exhibit.,Fear
180,Minority Report,"[878, 28, 53]","John Anderton is a top 'Precrime' cop in the late-21st century, when technology can predict crimes before they're committed. But Anderton becomes the quarry when another investigator targets him for a murder charge.",Anger
526896,Morbius,"[28, 878, 14]","Dangerously ill with a rare blood disorder, and determined to save others suffering his same fate, Dr. Michael Morbius attempts a desperate gamble. What at first appears to be a radical success soon reveals itself to be a remedy potentially worse than the disease.",Fear
453,A Beautiful Mind,"[18, 10749]","From the heights of notoriety to the depths of depravity, John Forbes Nash Jr. experiences it all. As a brilliant but socially awkward mathematician, he made a groundbreaking discovery early in his career and stands on the brink of international acclaim. But as the handsome and arrogant Nash accepts secret work in cryptography, he becomes entangled in a mysterious conspiracy. His life takes a nightmarish turn and he soon finds himself on a painful and harrowing journey of self-discovery.",Sadness
770,Gone with the Wind,"[18, 10752, 10749]",The spoiled daughter of a Georgia plantation owner conducts a tumultuous romance with a cynical profiteer during the American Civil War and Reconstruction Era.,Anger
975511,The Return,"[36, 18, 12]","After twenty years away, Odysseus washes up on the shores of Ithaca, haggard and unrecognizable. The king has finally returned home, but much has changed in his kingdom since he left to fight in the Trojan war.",Sadness
605,The Matrix Revolutions,"[12, 28, 53, 878]",The human city of Zion defends itself against the massive invasion of the machines as Neo fights to end the war at another front while also opposing the rogue Agent Smith.,Anger
640146,Ant-Man and the Wasp: Quantumania,"[28, 12, 878]","Super-Hero partners Scott Lang and Hope van Dyne, along with with Hope's parents Janet van Dyne and Hank Pym, and Scott's daughter Cassie Lang, find themselves exploring the Quantum Realm, interacting with strange new creatures and embarking on an adventure that will push them beyond the limits of what they thought possible.",Surprise
114,Pretty Woman,"[10749, 35]","Vivian is a carefree, streetwise diamond in the rough when she meets sophisticated billionaire Edward in a chance encounter that turns into a week-long business arrangement. But Vivian's energetic spirit challenges Edward's no-nonsense approach to life, and soon they are teaching each other – and falling in love!",Love
1366,Rocky,[18],"Rocky Balboa is a Philadelphia club fighter who seems to be going nowhere. But when a stroke of fate puts him in the ring with a world heavyweight champion, Rocky knows that it's his one shot at the big time — a once-in-a-lifetime opportunity to go the distance and come out a winner!",Joy
1358005,Office Romance,"[10749, 35]","Jackie, President and CEO of Air Cruz, runs a tight ship in her business, including a rigid anti-fraternization policy for all her employees. When a new sexy lawyer begins working for her, that policy becomes very tested.",Joy
9837,The Prince of Egypt,"[12, 16, 18, 10751]","The strong bond between two Royal Egyptian brothers is challenged when their chosen responsibilities set them at odds, with extraordinary consequences.",Fear
458156,John Wick: Chapter 3 - Parabellum,"[28, 53, 80]","Super-assassin John Wick returns with a $14 million price tag on his head and an army of bounty-hunting killers on his trail. After killing a member of the shadowy international assassin’s guild, the High Table, John Wick is excommunicado, but the world’s most ruthless hit men and women await his every turn.",Fear
260346,Taken 3,"[53, 28]","Ex-government operative Bryan Mills finds his life is shattered when he's falsely accused of a murder that hits close to home. As he's pursued by a savvy police inspector, Mills employs his particular set of skills to track the real killer and exact his unique brand of justice.",Sadness
4248,Scary Movie 2,[35],"A group of students visit a mansion called ""Hell House,"" and murderous high jinks ensue.",Fear
1283515,Verity,"[9648, 53]","Lowen Ashleigh gets hired by Jeremy Crawford to ghostwrite novels for his bestselling author wife Verity, who's unable to finish after an accident. Lowen uncovers Verity's disturbing truths while residing at the Crawfords' home to work.",Fear
346,Seven Samurai,"[28, 18]","A samurai answers a village's request for protection after he falls on hard times. The town needs protection from bandits, so the samurai gathers six others to help him teach the people how to defend themselves, and the villagers provide the soldiers with food.",Fear
1616131,A Child of My Own,[99],"Desperate for a baby and burdened by family and societal expectations, a woman fakes a pregnancy and gets tangled in a crime.",Sadness
50620,The Twilight Saga: Breaking Dawn - Part 2,"[14, 18, 10749]","After the birth of Renesmee, the Cullens gather other vampire clans in order to protect the child from a false allegation that puts the family in front of the Volturi.",Anger
420634,Terrifier,[27],A maniacal clown named Art terrorizes three young women on Halloween night and everyone else who stands in his way.,Fear
329,Jurassic Park,"[12, 878]","A wealthy entrepreneur secretly creates a theme park featuring living dinosaurs drawn from prehistoric DNA. Before opening day, he invites a team of experts and his two eager grandchildren to experience the park and help calm anxious investors. However, the park is anything but amusing as the security systems go off-line and the dinosaurs escape.",Joy
19404,Dilwale Dulhania Le Jayenge,"[35, 18, 10749]","Raj is a rich, carefree, happy-go-lucky second generation NRI. Simran is the daughter of Chaudhary Baldev Singh, who in spite of being an NRI is very strict about adherence to Indian values. Simran has left for India to be married to her childhood fiancé. Raj leaves for India with a mission at his hands, to claim his lady love under the noses of her whole family. Thus begins a saga.",Love
482706,Oligosaccharide The Movie,[18],"A truth tale about ""Oligosaccharide"" written by Crocodile Man. One 'Geun-hyeok' and ten 'Mi-jeongs' put on a sexy adult fantasy! Geun-hyeok and Mi-jeong switch bodies after they have intercourse. Mi-jeong asks Geun-hyeok for something as she's about to get married... Mi-jeong is a call girl who seduces Geun-seok. She's actually a killer. What is she? Tae-sik only drinks black coffee and Mi-jeong likes him. Will they come true? Tae-sik is a loser who uses his wife to rip money off of other men. Geun-hyeok loves her. What will happen to them? What if someone is watching me? Mi-jeong asks detective Geun-hyeok for help... ""I have a wife!"" Geun-hyeok drinks with his sexy superior Mi-jeong and thing happen. Mi-jeong and her husband have a pile of debt. Mi-jeong goes to her friend Geun-hyeok who can foresee the future. Geun-hyeok is perfect and Mi-jeong loves her husband but she can't help feeling unsteady. Tae-sik leaves on a suicide journey and meets Mi-jeong. They fall in love...",Surprise
9286,Final Destination 3,"[27, 9648]","High school senior Wendy's premonition of a deadly rollercoaster ride saves her life and a lucky few, but not from death itself — which seeks out those who escaped their fate.",Fear
889737,Joker: Folie à Deux,"[18, 80, 53]","While struggling with his dual identity, Arthur Fleck not only stumbles upon true love, but also finds the music that's always been inside him.",Sadness
1167307,David,"[16, 10751, 18, 36, 12]","From the songs of his mother’s heart to the whispers of a faithful God, David’s story begins in quiet devotion. When the giant Goliath rises to terrorize a nation, a young shepherd armed with only a sling, a few stones, and unshakable faith steps forward. Pursued by power and driven by purpose, his journey tests the limits of loyalty, love, and courage—culminating in a battle not just for a crown, but for the soul of a kingdom.",Fear
508943,Luca,"[16, 10751, 14, 18, 35]",Luca and his best friend Alberto experience an unforgettable summer on the Italian Riviera. But all the fun is threatened by a deeply-held secret: they are sea monsters from another world just below the water’s surface.,Fear
1005331,Carry-On,"[53, 28]",An airport security officer races to outsmart a mysterious traveler forcing him to let a dangerous item slip onto a Christmas Eve flight.,Fear
378236,The Emoji Movie,"[16, 10751, 35]","Gene, a multi-expressional emoji, sets out on a journey to become a normal emoji.",Love
898704,Desert Warrior,"[36, 10752, 28]","In 7th-century Arabia, Princess Hind becomes a warrior to defy the ruthless Emperor Kisra. Forged into a warrior and aided by legendary bandit Hanzala, Hind unites warring tribes for a last stand—the historic Battle of Dhi Qar—that will change history.",Fear
951491,Saw X,"[27, 9648]","Between the events of 'Saw' and 'Saw II', a sick and desperate John Kramer travels to Mexico for a risky and experimental medical procedure in hopes of a miracle cure for his cancer, only to discover the entire operation is a scam to defraud the most vulnerable. Armed with a newfound purpose, the infamous serial killer returns to his work, turning the tables on the con artists in his signature visceral way through devious, deranged, and ingenious traps.",Fear
1115544,Mike & Nick & Nick & Alice,"[35, 878, 28]","Two gangsters and the woman they love try to survive the most dangerous night of their lives. As if that wasn’t enough, there’s one wild ingredient added to the mix: a time machine.",Love
76,Before Sunrise,"[18, 10749]","An unexpected meeting on a train leads two travelers to spend an evening wandering through Vienna. As the night unfolds, they share stories and conversations about life and love, exploring new ideas while a quiet intimacy grows between them, knowing it may be their only night together.",Love
1515729,Blast,"[28, 53]",A seemingly ordinary family must unleash their hidden martial arts skills when they clash with a ruthless criminal gang tied to corruption and violence.,Fear
563,Starship Troopers,"[12, 28, 53, 878]","Set in the future, the story follows a young soldier named Johnny Rico and his exploits in the Mobile Infantry. Rico's military career progresses from recruit to non-commissioned officer and finally to officer against the backdrop of an interstellar war between mankind and an arachnoid species known as ""the Bugs.""",Fear
869,Planet of the Apes,"[53, 878, 28, 12]","After a spectacular crash-landing on an uncharted planet, brash astronaut Leo Davidson finds himself trapped in a savage world where talking apes dominate the human race. Desperate to find a way home, Leo must evade the invincible gorilla army led by Ruthless General Thade.",Fear
829560,The Next 365 Days,"[10749, 18]",Laura and Massimo's relationship hangs in the balance as they try to overcome trust issues while a tenacious Nacho works to push them apart.,Sadness
378064,A Silent Voice: The Movie,"[16, 18, 10749]","Shouya Ishida starts bullying the new girl in class, Shouko Nishimiya, because she is deaf. But as the teasing continues, the rest of the class starts to turn on Shouya for his lack of compassion. When they leave elementary school, Shouko and Shouya do not speak to each other again... until an older, wiser Shouya, tormented by his past behaviour, decides he must see Shouko once more. He wants to atone for his sins, but is it already too late...?",Sadness
1288059,I Want Your Sex,[35],"When fresh-faced Elliot lands an exciting job for renowned artist, icon and provocateur Erika Tracy, his fantasies come true as Erika taps him to become her sexual muse. But Elliot soon finds himself out of his depth as Erika takes him on a journey more profound than he ever could have imagined, into a world of sex, obsession, power, betrayal and murder.",Surprise
696806,The Adam Project,"[12, 878, 35]","After accidentally crash-landing in 2022, time-traveling fighter pilot Adam Reed teams up with his 12-year-old self on a mission to save the future.",Fear
11836,The SpongeBob SquarePants Movie,"[12, 16, 35, 10751, 14]","There's trouble brewing in Bikini Bottom. Someone has stolen King Neptune's crown, and it looks like Mr. Krab, SpongeBob's boss, is the culprit. Though he's just been passed over for the promotion of his dreams, SpongeBob stands by his boss, and along with his best pal Patrick, sets out on a treacherous mission to Shell City to reclaim the crown and save Mr. Krab's life.",Fear
1309083,Dolly,[27],"Young Macy is abducted by a deranged, monstrous figure who wants to raise her as its child.",Fear
373571,Godzilla: King of the Monsters,"[878, 28]","Follows the heroic efforts of the crypto-zoological agency Monarch as its members face off against a battery of god-sized monsters, including the mighty Godzilla, who collides with Mothra, Rodan, and his ultimate nemesis, the three-headed King Ghidorah. When these ancient super-species, thought to be mere myths, rise again, they all vie for supremacy, leaving humanity's very existence hanging in the balance.",Fear
1144107,The Legend of Hei 2,"[16, 14, 28, 12]","When an attack shatters the fragile peace between the spirit world and humanity, Hei teams up with Luye, the last disciple of his Shifu Wuxian, to expose a conspiracy that threatens both realms - and the bond they've sworn to protect.",Fear
181533,Night at the Museum: Secret of the Tomb,"[12, 35, 14, 10751]","When the magic powers of The Tablet of Ahkmenrah begin to die out, Larry Daley spans the globe, uniting favorite and new characters while embarking on an epic quest to save the magic before it is gone forever.",Joy
1954,The Butterfly Effect,"[878, 53]","A young man struggles to access sublimated childhood memories. He finds a technique that allows him to travel back into the past, to occupy his childhood body and change history. However, he soon finds that every change he makes has unexpected consequences.",Surprise
9426,The Fly,"[27, 878]","When brilliant, eccentric scientist Seth Brundle makes a huge technological breakthrough in teleportation, he decides to test it on himself. Unbeknownst to him, a common housefly manages to get inside the device and the two become one.",Surprise
8835,Legally Blonde,[35],"Fashionable sorority queen Elle Woods has it all, but, she wants nothing more than to be Mrs. Warner Huntington III. But he dumps her before heading to Harvard Law School. Elle rallies all of her resources and gets into Harvard, determined to win him back. While there, she figures out that there is more to herself than just good looks.",Anger
153,Lost in Translation,"[18, 35, 10749]","Two lost souls visiting Tokyo -- the young, neglected wife of a photographer and a washed-up movie star shooting a TV commercial -- find an odd solace and pensive freedom to be real in each other's company, away from their lives in America.",Sadness
2118,L.A. Confidential,"[80, 9648, 53]",Three detectives in the corrupt and brutal L.A. police force of the 1950s use differing methods to uncover a conspiracy behind the shotgun slayings of the patrons at an all-night diner.,Anger
98566,Teenage Mutant Ninja Turtles,"[878, 28, 12, 35]","When a kingpin threatens New York City, a group of mutated turtle warriors must emerge from the shadows to protect their home.",Fear
296098,Bridge of Spies,"[53, 18]","During the Cold War, the Soviet Union captures U.S. pilot Francis Gary Powers after shooting down his U-2 spy plane. Sentenced to 10 years in prison, Powers' only hope is New York lawyer James Donovan, recruited by a CIA operative to negotiate his release. Donovan boards a plane to Berlin, hoping to win the young man's freedom through a prisoner exchange. If all goes well, the Russians would get Rudolf Abel, the convicted spy who Donovan defended in court.",Anger
1231767,Exchange Wife 2,"[10749, 18]","Kyeong-soo, an art dealer who specializes in painting, goes to evaluate the requested painting and accidentally damages it. Chang-in, the owner of the painting, suggests one thing from Kyung-soo, who was at a loss.",Sadness
399174,Isle of Dogs,"[12, 35, 16]","In the future, an outbreak of canine flu leads the mayor of a Japanese city to banish all dogs to an island used as a garbage dump. The outcasts must soon embark on an epic journey when a 12-year-old boy arrives on the island to find his beloved pet.",Love
1502135,Secret File,"[18, 9648]","A secret archive documenting the earliest revolutionary work of the Chinese Communist Party—the ""Central Archives""—was successfully protected through the resilience and sacrifices of its guardians (both Party members and non-members) amid the turmoil and bloodshed from 1931 to 1949.",Sadness
310,Bruce Almighty,"[14, 35]","Bruce Nolan toils as a ""human interest"" television reporter in Buffalo, NY, but despite his high ratings and the love of his beautiful girlfriend, Bruce remains unfulfilled. At the end of the worst day in his life, he angrily ridicules God — and the Almighty responds, endowing Bruce with all of His divine powers.",Anger
1290417,Thrash,"[27, 53]","When a catastrophic hurricane slams a coastal town, stranded residents must survive rapidly rising waters swarming with ravenous sharks.",Fear
460458,Resident Evil: Welcome to Raccoon City,"[28, 27, 878]","Once the booming home of pharmaceutical giant Umbrella Corporation, Raccoon City is now a dying Midwestern town. The company’s exodus left the city a wasteland…with great evil brewing below the surface. When that evil is unleashed, the townspeople are forever…changed…and a small group of survivors must work together to uncover the truth behind Umbrella and make it through the night.",Sadness
882569,Guy Ritchie's The Covenant,"[10752, 28, 53]","After an ambush, Afghan interpreter Ahmed goes to Herculean lengths to save US Army Sergeant John Kinley's life. When Kinley learns that Ahmed and his family were not given safe passage to America as promised, he must return to the war zone and repay his debt.",Fear
697843,Extraction 2,"[28, 53, 80]","Back from the brink of death, highly skilled commando Tyler Rake takes on another dangerous mission: saving the imprisoned family of a ruthless gangster.",Fear
639933,The Northman,"[28, 12, 14]","Prince Amleth is on the verge of becoming a man when his father is brutally murdered by his uncle, who kidnaps the boy's mother. Two decades later, Amleth is now a Viking who's on a mission to save his mother, kill his uncle and avenge his father.",Anger
166428,How to Train Your Dragon: The Hidden World,"[16, 10751, 12]","As Hiccup fulfills his dream of creating a peaceful dragon utopia, Toothless’ discovery of an untamed, elusive mate draws the Night Fury away. When danger mounts at home and Hiccup’s reign as village chief is tested, both dragon and rider must make impossible decisions to save their kind.",Fear
316029,The Greatest Showman,[18],"The story of American showman P.T. Barnum, founder of the circus that became the famous traveling Ringling Bros. and Barnum & Bailey Circus.",Surprise
1084577,Balls Up,"[35, 28, 12]","Two marketing executives go ""balls out"" and pitch a bold full‑coverage condom sponsorship with the World Cup. After their drunken celebration in Brazil sparks a global scandal, they must outrun furious fans, criminals, and power-hungry officials to salvage their careers and make it home alive.",Anger
941109,Play Dirty,"[80, 28, 53]","Expert thief Parker gets a shot at a major heist, but to pull it off he and his team must outsmart a South American dictator, the New York mob, and the world's richest man.",Anger
760104,X,[27],"In 1979, a group of young filmmakers set out to make an adult film in rural Texas, but when their reclusive, elderly hosts catch them in the act, the cast find themselves fighting for their lives.",Sadness
1630423,My Dearest Assassin,"[28, 18, 10749]","Hunted for her rare blood type, a caged woman vows to fight alongside the assassin she loves to protect their future when an old enemy resurfaces.",Love
198184,Chappie,"[80, 28, 878]","Every child comes into the world full of promise, and none more so than Chappie: he is gifted, special, a prodigy. Like any child, Chappie will come under the influence of his surroundings—some good, some bad—and he will rely on his heart and soul to find his way in the world and become his own man. But there's one thing that makes Chappie different from any one else: he is a robot.",Joy
41154,Men in Black 3,"[28, 35, 878]","Agents J and K are back...in time. J has seen some inexplicable things in his 15 years with the Men in Black, but nothing, not even aliens, perplexes him as much as his wry, reticent partner. But when K's life and the fate of the planet are put at stake, Agent J will have to travel back in time to put things right. J discovers that there are secrets to the universe that K never told him - secrets that will reveal themselves as he teams up with the young Agent K to save his partner, the agency, and the future of humankind.",Surprise
1149504,Honey Don't!,"[35, 80, 53]","Honey O'Donahue, a small-town private investigator, delves into a series of strange deaths tied to a mysterious church.",Fear
635302,Demon Slayer -Kimetsu no Yaiba- The Movie: Mugen Train,"[16, 28, 14]","Tanjiro Kamado, joined with Inosuke Hashibira, a boy raised by boars who wears a boar's head, and Zenitsu Agatsuma, a scared boy who reveals his true power when he sleeps, boards the Infinity Train on a new mission with the Fire Hashira, Kyojuro Rengoku, to defeat a demon who has been tormenting the people and killing the demon slayers who oppose it!",Fear
894205,Werewolf by Night,"[28, 14, 27]","On a dark and somber night, a secret cabal of monster hunters emerge from the shadows and gather at the foreboding Bloodstone Temple following the death of their leader. In a strange and macabre memorial to the leader’s life, the attendees are thrust into a mysterious and deadly competition for a powerful relic—a hunt that will ultimately bring them face to face with a dangerous monster.",Fear
440,Aliens vs Predator: Requiem,"[28, 878, 53, 27]","After a horrifying PredAlien crash-lands near a small Colorado town, killing everyone it encounters and producing countless Alien offspring, a lone Predator arrives to ""clean up"" the infestation.",Fear
1440050,The Breadwinner,"[35, 10751]",After his wife Katie lands a once-in-a-lifetime deal on Shark Tank that takes her on a prolonged business trip - lifelong breadwinner Nate Wilcox now has to fend for his family as a first-time stay-at-home dad.,Joy
393,Kill Bill: Vol. 2,"[28, 80, 53]","The Bride unwaveringly continues on her roaring rampage of revenge against the band of assassins who had tried to kill her and her unborn child. She visits each of her former associates one-by-one, checking off the victims on her Death List Five until there's nothing left to do … but kill Bill.",Anger
